cod_conta,num_conta,cod_agencia,cod_colaborador,tipo_conta,data_abertura,saldo_total,saldo_disponivel,data_ultimo_lancamento
1,1,5,10,PF,2014-07-08 16:25:00,22473,00,22538,00,2022-11-08 13:22:46
2,2,6,16,PF,2020-03-27 13:05:00,59,00,12,00,2022-12-30 00:00:00
3,3,3,49,PF,2013-01-05 13:13:00,25244,00,24079,00,2022-08-14 20:51:30
4,4,2,65,PF,2017-04-06 12:28:00,184007,00,170283,00,2022-11-12 11:50:05
5,5,4,32,PF,2015-01-14 11:53:00,137649,00,120169,00,2018-07-24 03:18:52
6,6,1,42,PF,2010-03-09 12:09:00,14236,00,13407,00,2016-10-02 22:42:28
7,7,7,84,PF,2018-09-12 13:08:00,98,00,23,00,2022-12-30 00:00:00
8,8,7,48,PF,2021-08-13 11:07:00,1238,00,1054,00,2022-12-30 00:00:00
9,9,4,3,PF,2022-12-08 11:21:00,81101,00,75739,00,2022-12-30 16:23:13
10,10,9,75,PF,2020-11-03 14:04:00,30742,00,28682,00,2022-12-30 00:00:00
11,11,2,69,PF,2010-11-12 16:37:00,8749,00,8414,00,2022-12-29 23:59:56
12,12,7,85,PF,2016-01-13 12:28:00,437,00,405,00,2022-12-29 23:59:58
13,13,7,85,PF,2022-12-16 11:20:00,229,00,212,00,2023-01-08 07:02:40
14,14,2,28,PF,2014-08-26 14:14:00,3923,00,3491,00,2022-12-30 00:00:00
15,15,7,20,PF,2022-09-11 15:51:00,2647,00,3218,00,2022-12-30 00:00:00
16,16,7,20,PF,2018-04-20 12:01:00,2065,00,2132,00,2022-12-29 23:35:48
17,17,7,20,PF,2020-03-12 12:51:00,326,00,237,00,2022-12-29 23:59:59
18,18,7,48,PF,2021-07-18 15:07:00,226548,00,217787,00,2022-12-30 00:00:00
19,19,1,67,PF,2019-10-05 13:24:00,2615,00,2364,00,2022-12-29 23:59:59
20,20,7,85,PF,2021-05-20 15:06:00,50155,00,49629,00,2022-12-29 23:59:59
21,21,3,37,PF,2016-07-10 12:29:00,7250,00,6957,00,2022-11-24 19:30:54
22,22,7,20,PF,2020-11-14 11:11:00,161,00,103,00,2022-12-30 00:00:00
23,23,2,15,PF,2012-12-06 10:38:00,19605,00,19299,00,2022-12-29 23:58:10
24,24,6,17,PF,2018-06-10 11:18:00,35486,00,34541,00,2022-12-30 00:00:00
25,25,9,25,PF,2022-09-04 10:40:00,9489,00,9647,00,2022-12-29 23:59:59
26,26,2,63,PF,2012-08-12 16:34:00,10388,00,10032,00,2021-02-13 04:38:56
27,27,2,65,PF,2022-05-10 12:29:00,263,00,228,00,2022-12-30 00:00:00
28,28,7,26,PF,2017-04-03 16:11:00,52654,00,50324,00,2019-11-24 06:23:48
29,29,5,92,PF,2015-07-27 11:08:00,33,00,26,00,2022-12-30 00:00:00
30,30,8,33,PF,2018-01-26 14:53:00,129,00,957,00,2022-12-30 00:00:00
31,31,7,20,PF,2016-09-25 14:39:00,21553,00,20280,00,2022-05-07 22:35:02
32,32,7,86,PF,2017-12-14 14:59:00,17618,00,16884,00,2020-10-04 07:29:28
33,33,6,16,PF,2016-11-10 13:52:00,11565,00,10887,00,2022-12-30 00:00:00
34,34,9,75,PF,2022-08-02 15:03:00,31583,00,29187,00,2022-12-30 00:00:00
35,35,6,97,PF,2015-09-11 12:06:00,47696,00,44817,00,2022-09-03 01:15:46
36,36,2,56,PF,2012-02-17 15:58:00,41929,00,40313,00,2022-12-29 23:59:54
37,37,7,64,PF,2022-07-03 16:07:00,352,00,328,00,2022-12-30 00:00:00
38,38,8,35,PF,2021-08-23 12:15:00,31493,00,31765,00,2022-12-30 00:00:00
39,39,4,3,PF,2022-04-25 15:35:00,12353,00,12760,00,2022-12-29 23:59:59
40,40,1,62,PF,2015-04-14 14:50:00,461,00,164,00,2022-12-29 23:59:59
41,41,9,91,PF,2020-02-28 12:44:00,53,00,91,00,2022-12-30 00:00:00
42,42,2,12,PF,2013-04-12 12:10:00,27615,00,27609,00,2022-01-19 04:26:03
43,43,3,88,PF,2016-09-03 15:08:00,43388,00,39429,00,2022-12-29 23:59:59
44,44,8,68,PF,2020-09-07 14:32:00,26049,00,24401,00,2022-11-05 21:31:22
45,45,2,28,PF,2015-10-19 14:51:00,15400,00,13450,00,2021-06-10 00:38:31
46,46,2,56,PF,2011-06-04 11:10:00,47538,00,151644,00,2016-09-08 06:26:30
47,47,7,64,PF,2021-12-07 11:46:00,37349,00,35527,00,2022-12-29 23:59:59
48,48,6,54,PF,2019-03-09 16:19:00,2545,00,2366,00,2022-12-29 23:59:59
49,49,4,32,PF,2021-05-05 12:58:00,349,00,97,00,2022-12-29 23:59:59
50,50,8,94,PF,2021-11-17 16:16:00,292,00,92,00,2022-12-30 00:00:00
51,51,2,63,PF,2022-01-18 14:52:00,330,00,305,00,2022-12-29 23:59:59
52,52,7,20,PF,2022-08-14 15:20:00,22026,00,17655,00,2022-12-29 23:59:59
53,53,1,7,PF,2011-05-24 15:30:00,2984,00,2814,00,2019-07-02 11:03:46
54,54,7,48,PF,2017-09-08 12:55:00,30239,00,30255,00,2022-12-29 23:59:59
55,55,2,15,PF,2016-11-10 14:25:00,353,00,322,00,2022-12-30 00:00:00
56,56,3,78,PF,2022-09-21 14:40:00,149048,00,139067,00,2022-12-29 23:59:59
57,57,4,61,PF,2017-05-04 16:51:00,698,00,619,00,2022-12-29 23:58:01
58,58,7,85,PF,2017-11-02 12:54:00,55549,00,57199,00,2022-12-30 00:00:00
59,59,7,20,PF,2017-03-10 12:19:00,796,00,764,00,2022-10-11 12:56:13
60,60,4,61,PF,2017-11-28 14:52:00,3646,00,3704,00,2022-02-17 17:18:46
61,61,7,20,PF,2015-11-19 15:34:00,361,00,241,00,2022-12-29 23:30:58
62,62,2,57,PF,2010-12-02 12:14:00,6662,00,6390,00,2020-06-28 21:08:18
63,63,7,85,PF,2019-04-10 12:23:00,2354,00,2160,00,2022-12-30 00:00:00
64,64,6,16,PF,2016-04-18 15:57:00,6246,00,6501,00,2022-02-07 08:57:18
65,65,7,26,PF,2018-08-26 12:33:00,255,00,208,00,2022-06-24 07:04:11
66,66,9,39,PF,2021-05-19 13:18:00,134,00,78,00,2022-06-24 02:32:39
67,67,7,26,PF,2018-05-14 13:27:00,3343,00,3092,00,2022-08-25 23:00:41
68,68,1,72,PF,2019-08-11 11:02:00,66,00,54,00,2022-12-29 23:59:59
69,69,8,80,PF,2019-10-26 14:52:00,152,00,103,00,2022-12-29 23:59:59
70,70,3,27,PF,2021-02-18 15:23:00,108,00,28940,00,2022-12-30 00:00:00
71,71,3,47,PF,2013-12-14 13:59:00,16164,00,14842,00,2019-12-04 03:28:17
72,72,5,92,PF,2019-04-07 15:08:00,27508,00,24529,00,2022-12-29 23:59:59
73,73,2,57,PF,2012-06-21 14:25:00,2612,00,2439,00,2017-05-21 09:14:01
74,74,7,20,PF,2016-07-26 10:37:00,125,00,47,00,2022-12-29 10:20:39
75,75,2,96,PF,2011-06-12 13:50:00,43845,00,44058,00,2022-10-08 06:10:17
76,76,5,92,PF,2015-11-06 15:36:00,330,00,294,00,2022-12-29 23:59:59
77,77,7,48,PF,2019-02-01 13:17:00,415,00,349,00,2022-12-29 18:22:35
78,78,7,26,PF,2019-12-27 12:52:00,5572,00,5007,00,2022-12-30 00:00:00
79,79,9,91,PF,2022-12-03 10:51:00,883,00,642,00,2022-12-30 00:00:00
80,80,3,88,PF,2015-04-23 15:08:00,28432,00,29329,00,2022-12-29 23:58:24
81,81,7,26,PF,2021-04-03 13:18:00,4317,00,4035,00,2022-12-29 23:55:31
82,82,7,64,PF,2019-07-03 13:17:00,2813,00,2530,00,2021-01-31 15:14:12
83,83,7,26,PF,2021-10-07 13:04:00,16,00,9550,00,2022-12-29 23:59:59
84,84,7,20,PF,2021-05-18 13:34:00,36568,00,33313,00,2022-12-28 18:00:21
85,85,2,15,PF,2010-10-04 13:19:00,55114,00,10769,00,2022-12-11 09:49:24
86,86,7,26,PF,2016-03-05 13:55:00,140,00,180,00,2022-12-29 23:59:59
87,87,7,48,PF,2020-07-08 14:09:00,35777,00,34063,00,2022-12-30 00:00:00
88,88,7,86,PF,2020-10-07 14:15:00,13428,00,13974,00,2022-12-29 23:59:59
89,89,7,64,PF,2021-08-26 13:23:00,69758,00,71055,00,2022-12-29 23:59:59
90,90,1,62,PF,2014-05-15 13:06:00,109727,00,99717,00,2015-12-25 21:14:30
91,91,7,85,PF,2020-02-17 10:45:00,51889,00,50612,00,2022-12-29 23:59:30
92,92,7,20,PF,2017-02-03 15:31:00,4,00,96,00,2019-07-30 03:31:10
93,93,1,62,PF,2021-10-27 11:09:00,354,00,270,00,2022-12-29 23:59:59
94,94,2,57,PF,2011-09-09 15:00:00,34545,00,33166,00,2022-12-30 00:00:00
95,95,2,65,PF,2021-09-22 15:00:00,176,00,253,00,2022-12-29 23:59:59
96,96,9,38,PF,2022-08-15 13:30:00,317,00,257,00,2022-12-29 23:59:59
97,97,7,48,PF,2021-09-28 14:36:00,46143,00,46508,00,2022-12-30 00:00:00
98,98,7,84,PF,2018-02-19 11:29:00,110694,00,103238,00,2019-12-04 08:10:57
99,99,7,86,PF,2017-10-14 12:58:00,6519,00,6492,00,2022-12-30 00:00:00
100,100,7,84,PF,2017-03-10 15:18:00,26815,00,25875,00,2022-12-30 00:00:00
101,101,7,86,PF,2018-11-05 14:17:00,111513,00,105076,00,2022-12-29 23:44:00
102,102,5,5,PF,2015-02-28 16:28:00,15506,00,14875,00,2022-12-29 23:59:59
103,103,7,64,PF,2018-05-25 13:51:00,38172,00,49975,00,2022-12-25 01:32:24
104,104,3,45,PF,2018-01-04 12:09:00,10225,00,10009,00,2022-12-30 00:00:00
105,105,7,48,PF,2018-11-27 15:02:00,34360,00,32440,00,2022-12-30 00:00:00
106,106,1,67,PF,2010-08-14 15:55:00,68269,00,71851,00,2020-09-28 20:33:20
107,107,6,53,PF,2020-04-19 12:09:00,273,00,160,00,2022-09-08 22:01:13
108,108,1,23,PF,2017-04-13 12:21:00,1171,00,812,00,2022-12-29 23:59:59
109,109,6,97,PF,2022-03-16 13:53:00,35,00,21,00,2022-12-30 00:00:00
110,110,1,23,PF,2020-06-19 16:06:00,11059,00,10208,00,2022-12-30 00:00:00
111,111,9,11,PF,2021-11-02 11:34:00,8803,00,8911,00,2022-12-30 00:00:00
112,112,7,20,PF,2021-07-11 12:15:00,43416,00,42606,00,2022-12-30 00:00:00
113,113,7,26,PF,2020-01-07 14:29:00,647,00,30,00,2022-12-30 00:00:00
114,114,7,20,PF,2022-11-11 11:04:00,3760,00,17418,00,2022-12-30 00:00:00
115,115,3,98,PF,2013-01-16 15:15:00,6,00,82556,00,2016-08-14 00:37:46
116,116,1,30,PF,2014-10-17 13:19:00,20992,00,20458,00,2022-08-12 12:32:52
117,117,7,84,PF,2022-06-22 10:15:00,61939,00,61304,00,2022-12-29 23:59:59
118,118,7,26,PF,2022-04-14 12:33:00,265,00,244,00,2022-12-29 23:59:59
119,119,1,83,PF,2020-01-14 10:20:00,27043,00,26165,00,2022-10-26 06:36:27
120,120,8,40,PF,2021-11-18 10:05:00,448,00,400,00,2022-12-29 23:59:59
121,121,7,86,PF,2021-02-08 11:22:00,560,00,167,00,2022-12-29 23:59:59
122,122,7,84,PF,2016-10-02 11:23:00,24,00,11,00,2019-02-18 13:05:43
123,123,7,85,PF,2021-10-16 15:35:00,308,00,186,00,2022-12-29 23:59:59
124,124,7,48,PF,2021-03-27 14:20:00,2933,00,2862,00,2022-12-30 00:00:00
125,125,8,35,PF,2019-04-08 12:41:00,10863,00,12932,00,2022-12-29 23:59:57
126,126,7,64,PF,2017-07-25 12:04:00,57292,00,52158,00,2022-05-19 21:41:47
127,127,5,92,PF,2014-04-15 10:06:00,111063,00,109931,00,2017-12-18 21:50:39
128,128,7,84,PF,2018-05-22 12:30:00,8,00,264,00,2022-12-29 23:59:59
129,129,3,37,PF,2013-01-08 15:31:00,40602,00,38336,00,2020-04-09 07:00:43
130,130,7,48,PF,2019-11-15 10:31:00,487,00,729,00,2022-12-29 23:59:59
131,131,7,20,PF,2022-03-07 10:12:00,36,00,822,00,2022-12-29 23:59:59
132,132,9,25,PF,2022-08-18 11:53:00,57046,00,57686,00,2022-12-30 00:00:00
133,133,7,84,PF,2022-12-22 10:05:00,264,00,163,00,2023-01-15 06:14:44
134,134,1,34,PF,2013-06-11 11:41:00,19285,00,19263,00,2017-06-15 07:46:25
135,135,3,4,PF,2016-07-03 12:30:00,7367,00,7665,00,2020-11-27 11:01:16
136,136,9,91,PF,2021-03-24 13:43:00,34431,00,32145,00,2022-12-29 23:59:59
137,137,7,84,PF,2017-01-06 14:34:00,67907,00,62273,00,2022-12-13 01:27:39
138,138,2,15,PF,2018-04-06 10:08:00,230,00,116,00,2022-12-29 23:59:59
139,139,7,48,PF,2016-09-23 14:05:00,437,00,401,00,2022-10-31 06:36:34
140,140,2,63,PF,2015-02-10 13:47:00,140807,00,117253,00,2022-12-29 23:59:59
141,141,1,77,PF,2012-05-10 13:49:00,8239,00,8311,00,2015-02-25 00:30:47
142,142,7,64,PF,2021-10-04 15:56:00,229,00,370,00,2022-12-29 23:55:11
143,143,7,48,PF,2020-04-19 13:29:00,2958,00,2772,00,2022-12-30 00:00:00
144,144,7,26,PF,2022-04-06 14:46:00,347,00,885,00,2022-12-29 23:59:59
145,145,1,79,PF,2011-03-03 13:41:00,69766,00,65137,00,2020-10-03 14:06:51
146,146,1,67,PF,2010-06-27 10:33:00,10975,00,11304,00,2014-03-23 07:15:00
147,147,1,62,PF,2014-08-14 14:32:00,42405,00,41516,00,2015-11-13 17:37:41
148,148,4,32,PF,2016-02-22 11:31:00,6451,00,5824,00,2022-12-28 19:44:36
149,149,7,48,PF,2020-06-25 12:32:00,21311,00,19341,00,2022-12-29 23:59:59
150,150,7,84,PF,2021-11-04 11:27:00,30578,00,29116,00,2022-12-29 23:59:59
151,151,7,84,PF,2018-03-09 15:53:00,29082,00,27325,00,2022-07-16 07:45:02
152,152,1,79,PF,2017-07-01 14:56:00,68,00,16,00,2022-12-29 23:59:59
153,153,1,30,PF,2014-09-12 16:45:00,14581,00,14679,00,2019-05-05 14:56:38
154,154,1,67,PF,2013-10-14 11:46:00,81928,00,78745,00,2018-05-10 18:30:26
155,155,3,49,PF,2013-08-22 13:27:00,57577,00,57526,00,2018-09-21 22:25:28
156,156,7,86,PF,2018-09-03 15:21:00,77724,00,77618,00,2021-08-29 14:31:08
157,157,5,21,PF,2017-08-20 12:13:00,183979,00,172773,00,2022-12-27 08:19:50
158,158,5,5,PF,2018-10-22 15:47:00,102,00,60,00,2022-02-07 05:58:52
159,159,7,84,PF,2022-06-24 13:01:00,435,00,410,00,2022-12-30 00:00:00
160,160,7,20,PF,2019-11-02 16:31:00,723,00,702,00,2022-12-30 00:00:00
161,161,4,61,PF,2015-08-17 15:19:00,7354,00,6742,00,2021-10-24 13:08:04
162,162,3,47,PF,2012-11-15 11:37:00,22674,00,22376,00,2016-11-24 10:37:37
163,163,6,29,PF,2020-07-26 14:45:00,16598,00,15220,00,2022-12-29 23:59:59
164,164,4,73,PF,2014-09-08 12:52:00,6258,00,6164,00,2020-05-21 03:00:44
165,165,7,64,PF,2020-01-23 12:15:00,9170,00,8355,00,2022-12-30 00:00:00
166,166,2,70,PF,2014-11-21 15:42:00,124745,00,122476,00,2021-01-20 11:41:39
167,167,7,64,PF,2021-08-21 14:10:00,132218,00,121260,00,2022-12-29 23:59:59
168,168,2,22,PF,2012-12-20 16:11:00,35959,00,37827,00,2022-07-06 14:23:09
169,169,6,29,PF,2015-07-01 13:19:00,25114,00,25729,00,2022-10-24 05:07:23
170,170,1,14,PF,2022-12-15 16:01:00,926,00,335,00,2023-01-11 09:04:20
171,171,1,24,PF,2022-03-04 16:24:00,68520,00,66507,00,2022-12-30 00:00:00
172,172,6,17,PF,2020-06-20 15:24:00,24099,00,24708,00,2022-12-29 23:54:14
173,173,3,41,PF,2021-05-12 14:45:00,87,00,536,00,2022-12-29 23:59:59
174,174,7,84,PF,2017-04-21 15:02:00,23287,00,21444,00,2022-09-14 20:46:48
175,175,2,57,PF,2015-12-17 14:44:00,1931,00,1744,00,2018-05-18 21:30:15
176,176,1,30,PF,2019-04-20 14:06:00,14244,00,12934,00,2020-12-19 13:15:50
177,177,2,69,PF,2022-10-15 16:31:00,12129,00,12439,00,2022-12-29 23:59:59
178,178,7,48,PF,2020-07-17 16:24:00,24518,00,23767,00,2022-12-29 23:59:59
179,179,3,45,PF,2019-01-15 11:29:00,67454,00,66086,00,2022-12-29 23:59:59
180,180,5,9,PF,2022-07-21 12:36:00,3046,00,3004,00,2022-12-29 23:59:59
181,181,7,84,PF,2021-06-08 15:03:00,32738,00,30918,00,2022-12-29 23:51:04
182,182,7,85,PF,2020-11-04 12:06:00,6257,00,6395,00,2022-12-29 23:59:59
183,183,7,26,PF,2019-12-19 14:01:00,1028,00,2655,00,2022-05-30 00:01:16
184,184,7,86,PF,2018-11-12 13:09:00,30326,00,31954,00,2022-12-30 00:00:00
185,185,2,12,PF,2011-03-23 14:06:00,403,00,393,00,2021-03-04 19:53:30
186,186,1,83,PF,2022-02-21 15:05:00,164,00,134,00,2022-12-30 00:00:00
187,187,4,32,PF,2022-03-08 15:48:00,8302,00,7893,00,2022-12-29 23:59:59
188,188,2,15,PF,2022-11-12 14:02:00,10111,00,9159,00,2022-12-30 00:00:00
189,189,3,4,PF,2021-09-16 11:47:00,3657,00,2875,00,2022-12-29 23:47:10
190,190,1,7,PF,2014-10-17 14:48:00,4262,00,4191,00,2021-03-25 12:00:15
191,191,1,7,PF,2013-03-23 14:14:00,3266,00,3080,00,2016-09-09 23:34:15
192,192,5,52,PF,2015-09-27 11:21:00,92644,00,96197,00,2022-12-30 00:00:00
193,193,3,98,PF,2014-06-24 14:39:00,9466,00,9226,00,2022-12-29 23:59:59
194,194,7,86,PF,2016-12-18 14:20:00,6724,00,6042,00,2021-12-11 04:38:39
195,195,1,72,PF,2011-03-08 13:26:00,28846,00,27711,00,2015-04-03 11:22:27
196,196,5,36,PF,2014-06-05 12:16:00,34585,00,35985,00,2021-04-27 14:55:59
197,197,7,48,PF,2020-09-26 12:01:00,198787,00,181219,00,2022-12-29 23:59:59
198,198,1,67,PF,2016-09-09 11:33:00,7893,00,7802,00,2022-12-29 22:42:22
199,199,1,30,PF,2019-01-10 12:24:00,92338,00,94200,00,2022-12-29 23:37:56
200,200,1,67,PF,2015-05-17 10:24:00,3503,00,2941,00,2022-12-26 07:35:44
201,201,2,96,PF,2021-11-12 16:43:00,20524,00,19820,00,2022-12-30 00:00:00
202,202,7,48,PF,2016-04-22 11:19:00,19693,00,17714,00,2022-12-29 23:59:59
203,203,1,7,PF,2016-08-03 16:13:00,21241,00,19461,00,2022-12-28 07:58:24
204,204,7,84,PF,2021-02-23 16:46:00,7630,00,7643,00,2022-12-27 08:55:17
205,205,3,88,PF,2016-01-15 11:42:00,28440,00,26009,00,2022-08-23 17:11:54
206,206,6,87,PF,2018-01-05 16:28:00,19807,00,19957,00,2022-06-29 23:00:58
207,207,1,30,PF,2022-06-24 16:07:00,13029,00,52,00,2022-12-30 00:00:00
208,208,1,77,PF,2013-05-12 13:48:00,99593,00,101572,00,2016-07-29 15:49:35
209,209,8,51,PF,2021-02-07 12:38:00,21,00,8,00,2022-12-29 23:59:59
210,210,7,20,PF,2018-11-15 14:36:00,97,00,67,00,2022-12-29 19:24:01
211,211,6,53,PF,2021-03-10 12:41:00,40789,00,41996,00,2022-12-30 00:00:00
212,212,3,37,PF,2021-04-09 15:40:00,26933,00,26472,00,2022-12-29 23:59:59
213,213,7,64,PF,2019-08-18 11:33:00,60366,00,55301,00,2022-12-30 00:00:00
214,214,7,86,PF,2017-04-04 14:29:00,62,00,51,00,2022-12-29 23:59:59
215,215,5,9,PF,2020-04-10 14:14:00,45569,00,44209,00,2022-12-29 23:59:59
216,216,7,48,PF,2019-12-06 11:03:00,75578,00,74679,00,2022-12-30 00:00:00
217,217,6,87,PF,2018-09-05 14:44:00,1918,00,1807,00,2022-12-30 00:00:00
218,218,1,14,PF,2019-10-01 16:05:00,180027,00,168407,00,2022-09-09 10:51:55
219,219,7,86,PF,2022-02-17 10:52:00,45527,00,46013,00,2022-12-30 00:00:00
220,220,7,20,PF,2017-08-17 11:51:00,400725,00,377919,00,2022-05-11 15:01:12
221,221,2,28,PF,2016-08-16 13:42:00,2058,00,2677,00,2022-12-28 18:28:44
222,222,2,70,PF,2014-05-11 10:03:00,10214,00,10068,00,2017-07-30 00:08:27
223,223,5,10,PF,2022-12-17 16:43:00,30,00,12,00,2022-12-29 23:59:59
224,224,7,26,PF,2019-09-20 12:30:00,91,00,32,00,2022-12-25 08:00:32
225,225,7,64,PF,2020-08-18 14:58:00,419923,00,411617,00,2022-12-30 00:00:00
226,226,7,48,PF,2017-01-14 11:27:00,30179,00,27655,00,2022-12-29 23:59:59
227,227,7,20,PF,2022-12-27 13:30:00,9071,00,8827,00,2022-12-30 00:00:00
228,228,7,48,PF,2022-03-04 13:41:00,78851,00,82933,00,2022-12-29 23:59:59
229,229,3,27,PF,2013-01-20 11:26:00,15665,00,15511,00,2016-11-13 19:53:00
230,230,4,61,PF,2020-12-22 16:37:00,8796,00,8269,00,2022-12-30 00:00:00
231,231,1,83,PF,2012-06-25 11:43:00,52988,00,49969,00,2017-02-09 11:55:11
232,232,1,83,PF,2013-11-27 16:57:00,117243,00,110336,00,2020-07-24 08:10:00
233,233,4,73,PF,2014-12-02 14:14:00,30,00,9,00,2019-04-09 01:26:15
234,234,5,92,PF,2021-03-08 13:43:00,2649,00,2269,00,2022-12-30 00:00:00
235,235,2,63,PF,2018-06-01 13:05:00,114315,00,109905,00,2021-09-09 05:16:59
236,236,7,86,PF,2020-02-25 11:42:00,21089,00,21928,00,2022-12-29 23:59:59
237,237,5,76,PF,2021-07-28 11:45:00,230,00,197,00,2022-12-29 23:59:59
238,238,3,47,PF,2019-03-08 16:08:00,786,00,783,00,2022-12-29 23:59:59
239,239,7,20,PF,2017-02-25 16:31:00,20825,00,21003,00,2022-09-25 01:03:58
240,240,7,64,PF,2021-03-16 14:29:00,6642,00,6437,00,2022-12-29 23:59:59
241,241,7,20,PF,2021-02-26 12:19:00,7555,00,6136,00,2022-12-29 23:59:59
242,242,1,23,PF,2010-05-06 14:03:00,165102,00,163409,00,2019-08-09 23:42:11
243,243,1,83,PF,2017-04-01 14:23:00,15640,00,16447,00,2022-10-24 13:33:00
244,244,2,69,PF,2012-04-20 13:36:00,22751,00,22071,00,2022-12-24 02:19:53
245,245,7,26,PF,2018-06-15 11:38:00,27657,00,26339,00,2022-12-29 23:59:59
246,246,7,26,PF,2019-05-23 15:55:00,73563,00,74061,00,2022-12-29 23:59:59
247,247,7,84,PF,2019-07-25 14:05:00,92174,00,85291,00,2022-12-29 23:59:59
248,248,3,98,PF,2019-06-13 11:34:00,919,00,871,00,2022-08-07 17:26:08
249,249,6,93,PF,2019-01-10 14:25:00,715,00,659,00,2022-12-16 21:22:34
250,250,4,32,PF,2018-12-08 13:43:00,8020,00,9242,00,2022-12-29 23:59:59
251,251,2,69,PF,2013-07-11 14:28:00,8907,00,8346,00,2021-09-05 04:36:19
252,252,4,61,PF,2019-07-18 12:56:00,269,00,237,00,2021-06-17 13:59:18
253,253,9,1,PF,2022-05-27 11:17:00,324,00,232,00,2022-12-30 00:00:00
254,254,1,7,PF,2012-10-24 13:48:00,13335,00,13197,00,2013-12-20 22:20:00
255,255,6,97,PF,2022-10-10 10:25:00,9955,00,9653,00,2022-12-30 00:00:00
256,256,7,84,PF,2020-04-28 16:46:00,3,00,494,00,2022-11-02 17:44:43
257,257,9,91,PF,2021-05-20 14:11:00,2937,00,2641,00,2022-12-30 00:00:00
258,258,1,79,PF,2011-08-21 14:49:00,14823,00,14252,00,2022-05-06 12:23:37
259,259,4,73,PF,2019-10-12 12:17:00,143,00,102,00,2022-12-29 23:59:59
260,260,1,67,PF,2013-10-22 14:33:00,23435,00,22294,00,2022-06-06 17:43:44
261,261,7,64,PF,2015-09-20 12:35:00,40119,00,38945,00,2022-12-29 23:44:39
262,262,7,84,PF,2019-10-19 11:14:00,78324,00,78285,00,2022-12-30 00:00:00
263,263,7,64,PF,2017-12-27 13:22:00,14228,00,14502,00,2022-12-30 00:00:00
264,264,7,26,PF,2020-03-19 14:13:00,1065,00,946,00,2022-12-30 00:00:00
265,265,7,20,PF,2019-06-05 11:17:00,36319,00,34565,00,2022-12-29 23:50:17
266,266,7,20,PF,2016-09-15 11:01:00,25309,00,23006,00,2021-10-10 12:19:52
267,267,7,64,PF,2022-09-12 11:33:00,15860,00,15184,00,2022-12-30 00:00:00
268,268,7,86,PF,2016-07-06 16:25:00,745,00,548,00,2022-04-21 03:27:50
269,269,3,78,PF,2013-01-05 13:51:00,15245,00,14424,00,2020-06-26 14:50:37
270,270,7,20,PF,2019-09-05 16:38:00,22222,00,21620,00,2022-12-30 00:00:00
271,271,7,48,PF,2020-12-02 12:41:00,72928,00,71467,00,2022-12-29 23:59:59
272,272,7,84,PF,2021-08-25 10:48:00,185905,00,177022,00,2022-12-29 23:59:59
273,273,7,85,PF,2020-04-27 11:42:00,65,00,29,00,2022-12-30 00:00:00
274,274,7,26,PF,2018-08-16 12:55:00,105741,00,101639,00,2022-12-30 00:00:00
275,275,1,30,PF,2020-05-02 12:18:00,51431,00,52418,00,2022-12-30 00:00:00
276,276,7,26,PF,2021-02-03 11:25:00,10241,00,9370,00,2022-12-30 00:00:00
277,277,2,56,PF,2013-06-09 12:38:00,1408,00,1263,00,2017-10-07 06:48:39
278,278,9,90,PF,2020-04-17 15:47:00,47525,00,47220,00,2022-12-29 23:59:59
279,279,4,32,PF,2018-04-09 11:15:00,21046,00,21497,00,2022-12-29 23:59:59
280,280,1,72,PF,2017-04-20 14:07:00,14666,00,13614,00,2022-09-20 20:09:54
281,281,7,84,PF,2016-06-27 15:06:00,1034,00,669,00,2022-12-30 00:00:00
282,282,7,86,PF,2017-10-03 12:41:00,156,00,78,00,2022-12-30 00:00:00
283,283,7,26,PF,2018-10-13 12:41:00,12870,00,12935,00,2020-02-17 20:36:45
284,284,1,72,PF,2020-02-18 13:51:00,42994,00,43554,00,2022-12-29 22:10:49
285,285,7,20,PF,2017-08-06 13:36:00,13532,00,12467,00,2022-12-30 00:00:00
286,286,1,58,PF,2021-07-12 12:27:00,3985,00,2427,00,2022-12-29 23:52:25
287,287,7,86,PF,2020-07-20 13:04:00,37008,00,38511,00,2022-12-29 23:59:59
288,288,8,80,PF,2018-10-08 10:40:00,527,00,437,00,2022-12-30 00:00:00
289,289,7,64,PF,2022-12-11 14:34:00,392,00,392,00,2022-12-29 23:59:59
290,290,1,31,PF,2016-02-19 12:30:00,10809,00,8075,00,2022-12-29 23:59:59
291,291,1,24,PF,2012-02-26 12:34:00,40641,00,41016,00,2022-12-08 08:47:13
292,292,7,64,PF,2015-10-10 12:03:00,134384,00,141742,00,2022-12-25 23:15:34
293,293,1,79,PF,2018-10-14 12:48:00,34326,00,33578,00,2022-10-29 02:01:59
294,294,7,64,PF,2021-05-13 11:44:00,52858,00,53347,00,2022-12-30 00:00:00
295,295,7,20,PF,2017-07-13 13:27:00,11694,00,11614,00,2022-12-24 17:23:35
296,296,7,84,PF,2016-07-03 11:32:00,14857,00,12292,00,2022-07-30 14:40:55
297,297,7,48,PF,2018-08-11 13:45:00,925,00,879,00,2020-03-20 05:25:01
298,298,3,98,PF,2012-04-21 15:53:00,106461,00,99486,00,2019-04-06 04:06:26
299,299,7,20,PF,2022-05-02 12:39:00,47,00,2,00,2022-12-30 00:00:00
300,300,7,20,PF,2021-06-24 15:39:00,368,00,354,00,2022-12-29 23:59:59
301,301,7,26,PF,2015-10-20 13:23:00,23199,00,21653,00,2018-02-13 22:02:10
302,302,7,64,PF,2017-01-10 13:05:00,47083,00,43163,00,2021-11-16 14:44:15
303,303,7,64,PF,2017-04-11 13:13:00,59,00,31,00,2021-04-10 22:33:27
304,304,4,73,PF,2019-07-04 11:12:00,47188,00,44492,00,2021-03-07 13:57:27
305,305,7,86,PF,2021-07-13 13:43:00,275,00,187,00,2022-12-30 00:00:00
306,306,1,7,PF,2012-05-23 12:11:00,22997,00,21677,00,2016-10-05 03:14:36
307,307,7,48,PF,2017-02-10 16:42:00,95,00,72,00,2022-12-29 23:59:50
308,308,7,85,PF,2018-06-26 14:23:00,28868,00,26440,00,2022-12-30 00:00:00
309,309,5,50,PF,2015-07-15 11:21:00,14816,00,15334,00,2022-12-29 23:36:48
310,310,7,26,PF,2020-11-04 13:05:00,6616,00,6132,00,2022-12-29 23:59:59
311,311,7,84,PF,2021-10-13 12:56:00,2741,00,1066,00,2022-12-29 23:59:59
312,312,5,5,PF,2022-07-12 16:34:00,2990,00,2843,00,2022-12-29 23:59:59
313,313,9,1,PF,2022-08-22 13:17:00,4056,00,4254,00,2022-12-29 23:59:59
314,314,7,85,PF,2017-02-11 12:07:00,19172,00,17788,00,2022-12-23 08:14:19
315,315,7,64,PF,2022-12-19 14:37:00,15067,00,14528,00,2022-12-29 23:59:59
316,316,6,87,PF,2018-01-23 15:29:00,29712,00,30107,00,2022-12-29 23:59:59
317,317,7,26,PF,2020-08-17 14:35:00,5980,00,5950,00,2022-12-30 00:00:00
318,318,7,84,PF,2017-03-06 12:50:00,49763,00,49705,00,2022-12-29 23:59:59
319,319,7,48,PF,2021-08-18 15:41:00,62237,00,64114,00,2022-12-29 23:59:59
320,320,6,97,PF,2017-08-26 13:14:00,37,00,19,00,2022-12-30 00:00:00
321,321,9,39,PF,2020-04-24 10:58:00,706,00,444,00,2022-12-29 23:59:59
322,322,4,61,PF,2014-06-27 15:40:00,48224,00,48608,00,2019-02-24 23:20:51
323,323,2,96,PF,2015-06-14 16:51:00,3914,00,3800,00,2022-12-30 00:00:00
324,324,7,85,PF,2022-01-11 15:19:00,123,00,103,00,2022-12-30 00:00:00
325,325,3,78,PF,2014-04-14 15:34:00,23586,00,24763,00,2017-06-18 05:59:33
326,326,5,21,PF,2018-01-27 14:50:00,35921,00,1284,00,2022-09-02 11:18:09
327,327,5,59,PF,2021-10-08 11:35:00,12913,00,12434,00,2022-12-29 23:59:59
328,328,5,43,PF,2017-03-04 13:03:00,36948,00,33788,00,2019-05-02 05:36:42
329,329,7,64,PF,2019-06-25 15:18:00,22775,00,18148,00,2022-12-30 00:00:00
330,330,7,84,PF,2022-06-11 15:44:00,25535,00,23786,00,2022-12-29 23:59:59
331,331,1,83,PF,2012-09-22 16:29:00,15569,00,15030,00,2022-12-29 23:59:59
332,332,6,17,PF,2020-09-10 11:54:00,85186,00,83239,00,2022-12-30 00:00:00
333,333,2,57,PF,2019-12-03 13:34:00,398,00,263,00,2022-12-29 23:59:59
334,334,7,84,PF,2016-10-08 11:12:00,20727,00,20722,00,2022-12-30 00:00:00
335,335,7,85,PF,2022-01-02 11:09:00,751,00,709,00,2022-12-29 23:59:59
336,336,7,86,PF,2020-10-18 13:03:00,5,00,33,00,2022-12-30 00:00:00
337,337,7,85,PF,2017-08-03 14:16:00,36506,00,37852,00,2022-12-29 08:42:23
338,338,7,85,PF,2016-03-07 14:26:00,185276,00,179836,00,2022-12-30 00:00:00
339,339,7,20,PF,2019-10-13 15:10:00,24710,00,22194,00,2022-12-29 23:59:59
340,340,5,76,PF,2022-02-15 12:44:00,68771,00,65285,00,2022-12-29 23:59:59
341,341,7,48,PF,2016-04-12 12:25:00,9032,00,7595,00,2022-12-29 08:28:05
342,342,7,26,PF,2018-05-18 15:37:00,33695,00,33336,00,2022-12-27 21:36:43
343,343,5,36,PF,2021-09-20 12:12:00,25938,00,24644,00,2022-12-30 00:00:00
344,344,7,86,PF,2022-05-25 13:35:00,142,00,26,00,2022-12-29 23:59:59
345,345,7,85,PF,2017-12-08 13:24:00,11346,00,10598,00,2022-12-30 00:00:00
346,346,4,73,PF,2019-03-02 11:07:00,72228,00,66842,00,2022-06-21 22:38:31
347,347,1,67,PF,2011-02-03 16:40:00,83141,00,87482,00,2015-05-01 04:58:44
348,348,7,85,PF,2018-03-03 11:58:00,51345,00,48405,00,2021-10-06 04:37:41
349,349,7,84,PF,2019-01-07 15:47:00,28053,00,26634,00,2022-12-29 23:14:40
350,350,4,61,PF,2018-11-15 15:42:00,65716,00,66372,00,2022-12-30 00:00:00
351,351,7,20,PF,2020-08-19 16:52:00,404,00,253,00,2022-12-29 23:59:59
352,352,7,48,PF,2022-06-05 14:12:00,25597,00,24148,00,2022-12-29 23:59:59
353,353,7,20,PF,2021-10-19 12:13:00,10744,00,10071,00,2022-12-29 23:59:59
354,354,7,20,PF,2020-02-24 15:41:00,26258,00,24081,00,2022-12-29 23:59:59
355,355,10,100,PF,2022-10-22 14:50:00,10680,00,10336,00,2022-12-29 23:59:59
356,356,4,32,PF,2014-01-13 11:30:00,44776,00,40667,00,2022-06-01 14:56:38
357,357,1,67,PF,2021-07-12 15:17:00,71,00,21,00,2022-12-30 00:00:00
358,358,7,20,PF,2019-03-15 15:56:00,38618,00,36812,00,2022-12-30 00:00:00
359,359,8,80,PF,2019-01-15 11:27:00,60095,00,57983,00,2022-05-10 20:02:31
360,360,7,26,PF,2021-08-15 11:39:00,22218,00,20525,00,2022-12-29 23:59:59
361,361,1,30,PF,2018-01-08 14:30:00,16828,00,17483,00,2022-09-28 23:25:00
362,362,7,20,PF,2019-11-09 10:52:00,53389,00,51760,00,2022-12-30 00:00:00
363,363,4,73,PF,2022-05-03 11:19:00,5784,00,4613,00,2022-12-29 23:59:59
364,364,3,45,PF,2013-09-07 14:06:00,19006,00,19977,00,2019-02-24 05:44:55
365,365,6,29,PF,2020-03-11 13:52:00,341020,00,333783,00,2022-12-29 13:45:03
366,366,4,73,PF,2014-06-06 15:19:00,18102,00,18358,00,2022-12-29 23:59:59
367,367,7,85,PF,2015-08-21 11:07:00,15067,00,15142,00,2021-11-06 12:28:06
368,368,3,27,PF,2016-03-03 13:31:00,12017,00,12075,00,2022-12-29 23:59:59
369,369,7,85,PF,2022-10-09 11:31:00,2372,00,2392,00,2022-12-30 00:00:00
370,370,5,60,PF,2022-07-08 13:14:00,370,00,308,00,2022-12-29 23:59:59
371,371,3,45,PF,2012-12-04 12:48:00,35852,00,32782,00,2022-12-29 23:58:41
372,372,2,96,PF,2013-11-27 13:03:00,25957,00,24630,00,2019-10-25 08:58:32
373,373,3,88,PF,2013-07-19 15:18:00,47371,00,48268,00,2016-11-07 23:16:26
374,374,3,47,PF,2013-07-28 11:52:00,71434,00,69922,00,2021-03-04 21:21:16
375,375,2,56,PF,2019-06-22 15:56:00,13593,00,12657,00,2022-12-29 23:59:59
376,376,3,27,PF,2012-04-07 15:08:00,11668,00,10745,00,2022-09-30 08:42:18
377,377,6,87,PF,2016-12-15 15:58:00,16675,00,15678,00,2022-12-29 23:59:59
378,378,7,85,PF,2018-03-18 12:36:00,1483,00,1454,00,2020-12-28 07:37:42
379,379,7,64,PF,2021-02-21 13:18:00,1110,00,873,00,2022-12-29 23:59:59
380,380,7,48,PF,2015-10-25 15:27:00,28308,00,29778,00,2022-12-29 22:26:11
381,381,6,66,PF,2016-10-21 15:50:00,14217,00,12694,00,2022-12-05 19:35:29
382,382,1,77,PF,2010-02-02 14:28:00,6992,00,6935,00,2017-02-22 12:18:12
383,383,2,63,PF,2017-01-24 13:00:00,38945,00,40234,00,2018-06-24 03:58:10
384,384,7,85,PF,2022-03-10 13:20:00,26811,00,25982,00,2022-12-29 23:59:59
385,385,7,26,PF,2018-08-06 12:05:00,12044,00,13802,00,2022-12-27 11:30:13
386,386,6,93,PF,2018-11-03 12:58:00,39716,00,36353,00,2020-12-29 13:32:54
387,387,5,92,PF,2014-02-08 13:28:00,47010,00,43828,00,2022-12-30 00:00:00
388,388,5,59,PF,2017-02-14 12:43:00,14348,00,13919,00,2022-12-24 14:10:53
389,389,7,48,PF,2021-12-13 13:02:00,101,00,98,00,2022-12-29 23:59:59
390,390,4,73,PF,2018-08-17 15:11:00,245,00,301,00,2022-12-20 16:53:47
391,391,7,85,PF,2020-06-21 11:39:00,221113,00,215962,00,2022-10-16 07:03:56
392,392,7,85,PF,2015-12-26 15:09:00,4970,00,4563,00,2019-09-23 00:15:52
393,393,7,20,PF,2022-10-27 16:27:00,14967,00,13695,00,2022-12-30 00:00:00
394,394,7,20,PF,2016-12-21 13:31:00,25574,00,25979,00,2022-09-04 14:21:39
395,395,10,95,PF,2022-12-01 15:27:00,23156,00,21578,00,2022-12-30 00:00:00
396,396,7,85,PF,2021-09-24 11:11:00,7540,00,7091,00,2022-12-30 00:00:00
397,397,7,85,PF,2018-10-13 10:51:00,40026,00,36169,00,2022-12-29 22:02:26
398,398,7,48,PF,2022-02-16 14:30:00,87,00,71,00,2022-12-30 00:00:00
399,399,7,20,PF,2018-09-23 16:32:00,30431,00,28423,00,2022-12-30 00:00:00
400,400,7,86,PF,2018-04-21 15:16:00,27,00,9013,00,2022-12-29 23:59:59
401,401,7,86,PF,2020-12-18 11:53:00,51461,00,51296,00,2022-08-07 02:42:20
402,402,7,20,PF,2021-07-15 12:44:00,57385,00,54610,00,2022-12-30 00:00:00
403,403,7,86,PF,2020-03-17 13:11:00,53898,00,50265,00,2022-12-29 23:59:59
404,404,7,86,PF,2022-06-05 15:57:00,32344,00,31038,00,2022-12-30 00:00:00
405,405,6,2,PF,2021-11-17 15:03:00,429,00,275,00,2022-12-30 00:00:00
406,406,7,84,PF,2017-08-25 13:16:00,4672,00,4835,00,2022-12-29 23:59:10
407,407,8,51,PF,2019-05-18 13:18:00,6002,00,5776,00,2021-11-15 10:22:45
408,408,3,98,PF,2021-10-15 10:47:00,9193,00,8497,00,2022-12-30 00:00:00
409,409,7,85,PF,2015-11-08 14:10:00,17764,00,18283,00,2021-04-07 14:37:17
410,410,1,34,PF,2019-04-22 13:24:00,2612,00,2608,00,2022-12-30 00:00:00
411,411,7,26,PF,2022-03-10 10:33:00,165559,00,158495,00,2022-12-29 23:59:59
412,412,7,64,PF,2020-12-01 14:13:00,299,00,233,00,2022-12-30 00:00:00
413,413,5,9,PF,2014-05-20 11:41:00,12999,00,13377,00,2022-12-29 23:10:57
414,414,7,26,PF,2017-04-10 14:29:00,6141,00,5669,00,2020-11-10 03:12:37
415,415,2,12,PF,2015-06-09 14:03:00,66837,00,64200,00,2022-12-30 00:00:00
416,416,3,98,PF,2022-12-18 13:37:00,35643,00,34907,00,2023-01-01 20:22:28
417,417,7,26,PF,2022-10-17 13:56:00,11095,00,9982,00,2022-12-30 00:00:00
418,418,7,48,PF,2016-05-12 12:48:00,26645,00,27003,00,2021-03-23 08:48:36
419,419,3,88,PF,2013-05-01 15:18:00,1444,00,1153,00,2022-12-30 00:00:00
420,420,3,37,PF,2013-01-24 10:10:00,10852,00,11170,00,2017-05-22 20:51:50
421,421,7,26,PF,2020-04-24 10:07:00,466,00,439,00,2022-01-16 13:03:01
422,422,7,48,PF,2022-11-27 13:46:00,188,00,101,00,2022-12-29 23:59:59
423,423,7,64,PF,2017-11-26 16:12:00,7737,00,7639,00,2022-11-13 00:07:27
424,424,7,20,PF,2022-02-10 12:31:00,96353,00,88192,00,2022-12-29 23:59:59
425,425,2,96,PF,2021-01-22 13:13:00,773,00,29312,00,2022-12-29 23:59:59
426,426,7,86,PF,2022-06-27 11:26:00,152392,00,139689,00,2022-12-30 00:00:00
427,427,6,16,PF,2019-02-18 14:37:00,8085,00,7760,00,2022-03-04 15:00:08
428,428,8,35,PF,2019-11-27 14:29:00,61602,00,56521,00,2022-12-29 23:59:59
429,429,1,34,PF,2015-05-28 15:38:00,7184,00,5418,00,2022-12-30 00:00:00
430,430,3,47,PF,2013-08-16 11:02:00,1546,00,1451,00,2019-03-11 04:35:56
431,431,1,77,PF,2013-11-20 11:12:00,31323,00,31597,00,2019-04-02 12:38:44
432,432,2,15,PF,2011-04-27 12:38:00,122319,00,115048,00,2022-12-29 23:59:59
433,433,7,26,PF,2021-12-16 11:19:00,815,00,63,00,2022-12-30 00:00:00
434,434,7,20,PF,2021-08-02 15:38:00,324,00,945,00,2022-11-09 14:01:03
435,435,2,46,PF,2011-02-02 11:14:00,41480,00,40881,00,2019-06-30 20:38:23
436,436,7,86,PF,2019-12-10 12:32:00,8634,00,9025,00,2022-12-29 23:59:59
437,437,7,26,PF,2022-10-27 11:52:00,742,00,608,00,2022-12-29 23:59:59
438,438,7,48,PF,2017-06-10 14:28:00,11894,00,10485,00,2022-11-27 10:34:00
439,439,7,84,PF,2019-05-18 11:42:00,1,00,4032,00,2022-12-29 23:59:59
440,440,6,2,PF,2022-03-02 11:10:00,1333,00,1062,00,2022-12-29 23:59:59
441,441,7,64,PF,2019-06-05 16:33:00,23947,00,24571,00,2022-12-30 00:00:00
442,442,7,20,PF,2022-12-17 13:24:00,22957,00,20014,00,2023-01-15 15:57:23
443,443,9,38,PF,2022-01-03 11:42:00,470,00,383,00,2022-12-29 23:59:59
444,444,4,32,PF,2022-11-20 16:56:00,3825,00,3737,00,2022-12-30 00:00:00
445,445,7,86,PF,2019-10-18 14:44:00,9499,00,7373,00,2022-12-29 18:13:01
446,446,7,20,PF,2015-10-08 13:35:00,4383,00,3850,00,2022-03-14 22:14:51
447,447,5,21,PF,2022-03-08 15:28:00,453,00,396,00,2022-12-29 23:59:59
448,448,4,73,PF,2019-12-18 13:11:00,108585,00,108046,00,2022-12-30 00:00:00
449,449,6,29,PF,2017-11-10 12:04:00,532,00,438,00,2022-12-29 23:59:59
450,450,5,52,PF,2019-04-01 12:40:00,18485,00,17763,00,2022-11-30 19:32:43
451,451,1,31,PF,2011-08-25 11:33:00,14880,00,15408,00,2013-08-31 23:35:07
452,452,6,54,PF,2020-07-18 11:22:00,159474,00,146962,00,2022-12-29 23:59:59
453,453,8,40,PF,2022-01-14 13:16:00,20,00,218,00,2022-12-29 23:59:59
454,454,7,64,PF,2022-09-12 13:27:00,1612,00,1266,00,2022-12-29 23:59:59
455,455,2,15,PF,2017-08-24 10:26:00,1440,00,1268,00,2020-11-08 17:27:02
456,456,2,22,PF,2014-02-12 15:54:00,25,00,12,00,2022-04-04 19:19:19
457,457,7,26,PF,2017-04-14 11:13:00,3056,00,2809,00,2022-10-24 06:20:14
458,458,7,85,PF,2017-07-02 14:47:00,55600,00,57884,00,2022-12-29 23:59:59
459,459,7,48,PF,2019-11-05 10:33:00,124,00,74,00,2022-09-12 07:13:55
460,460,4,3,PF,2014-03-04 10:43:00,4130,00,2982,00,2022-12-24 04:32:38
461,461,7,64,PF,2021-03-12 15:04:00,472,00,285,00,2022-12-29 23:59:59
462,462,5,59,PF,2016-11-19 13:53:00,400,00,340,00,2019-12-29 08:22:09
463,463,7,85,PF,2017-04-02 13:32:00,13633,00,13891,00,2020-11-08 15:13:48
464,464,7,26,PF,2021-04-20 10:09:00,11680,00,10722,00,2022-12-29 23:59:59
465,465,7,85,PF,2017-10-07 14:54:00,6002,00,6030,00,2021-08-25 16:37:01
466,466,10,8,PF,2022-10-26 14:13:00,7847,00,9351,00,2022-12-30 00:00:00
467,467,4,32,PF,2018-02-26 12:52:00,32232,00,32091,00,2022-12-29 23:59:59
468,468,2,69,PF,2021-08-27 13:19:00,10007,00,10124,00,2022-12-30 00:00:00
469,469,7,85,PF,2018-09-27 11:50:00,43152,00,45107,00,2022-12-29 23:59:59
470,470,7,86,PF,2016-10-03 14:01:00,14772,00,12201,00,2022-12-29 23:59:59
471,471,7,85,PF,2022-10-20 16:02:00,592,00,529,00,2022-12-29 23:59:59
472,472,1,7,PF,2022-08-07 12:08:00,4178,00,4183,00,2022-12-30 00:00:00
473,473,1,79,PF,2016-01-02 10:15:00,50851,00,49224,00,2020-10-04 09:33:03
474,474,7,86,PF,2020-01-12 10:03:00,116,00,13,00,2022-12-29 23:59:59
475,475,8,33,PF,2020-05-04 13:45:00,82402,00,82534,00,2022-12-29 23:59:59
476,476,5,10,PF,2018-05-26 15:11:00,37413,00,34814,00,2021-02-23 06:10:46
477,477,7,26,PF,2022-08-20 14:19:00,1851,00,1311,00,2022-12-30 00:00:00
478,478,7,84,PF,2022-06-03 10:52:00,36880,00,38096,00,2022-12-30 00:00:00
479,479,7,48,PF,2022-09-27 11:03:00,328,00,290,00,2022-12-30 00:00:00
480,480,3,78,PF,2012-12-09 11:58:00,104,00,11,00,2022-11-03 15:02:20
481,481,1,24,PF,2020-04-14 16:19:00,86,00,74,00,2022-11-20 16:50:25
482,482,7,64,PF,2019-08-23 11:22:00,67872,00,67382,00,2022-12-26 18:18:07
483,483,7,85,PF,2022-10-23 11:12:00,59749,00,56176,00,2022-12-30 00:00:00
484,484,5,60,PF,2021-07-01 12:51:00,158638,00,148919,00,2022-12-29 23:59:59
485,485,5,59,PF,2017-09-23 11:16:00,21129,00,19292,00,2022-07-07 06:04:30
486,486,1,62,PF,2015-04-23 13:18:00,197,00,155,00,2022-12-29 22:47:31
487,487,7,48,PF,2019-07-08 15:16:00,32798,00,30920,00,2022-12-29 23:59:59
488,488,10,18,PF,2022-07-16 10:16:00,8663,00,6836,00,2022-12-30 00:00:00
489,489,7,84,PF,2019-08-04 13:50:00,230,00,139,00,2022-12-29 23:59:59
490,490,7,48,PF,2021-06-07 10:30:00,3991,00,3463,00,2022-12-29 23:59:59
491,491,7,26,PF,2020-09-03 14:33:00,34816,00,36237,00,2022-12-29 23:59:59
492,492,7,20,PF,2016-06-17 11:48:00,262,00,239,00,2022-12-30 00:00:00
493,493,7,84,PF,2017-12-19 16:53:00,17359,00,15370,00,2022-12-30 00:00:00
494,494,7,84,PF,2019-09-05 11:39:00,353,00,308,00,2022-12-29 23:57:44
495,495,2,56,PF,2015-07-02 11:07:00,29290,00,28153,00,2022-12-30 00:00:00
496,496,1,34,PF,2020-02-27 12:50:00,18,00,78,00,2022-12-30 00:00:00
497,497,1,67,PF,2021-10-25 16:18:00,44788,00,45546,00,2022-12-29 23:59:59
498,498,7,26,PF,2015-08-25 14:46:00,5685,00,5739,00,2022-04-14 09:59:35
499,499,7,20,PF,2022-11-07 11:37:00,135452,00,130201,00,2022-12-29 23:59:59
500,500,7,48,PF,2016-11-20 13:28:00,11679,00,10787,00,2018-03-17 00:50:02
501,501,1,62,PF,2018-06-20 14:51:00,232815,00,211636,00,2022-12-30 00:00:00
502,502,7,85,PF,2021-12-19 15:05:00,58387,00,58427,00,2022-12-30 00:00:00
503,503,7,85,PF,2020-11-25 13:30:00,5085,00,5111,00,2022-12-29 23:59:59
504,504,2,12,PF,2015-04-22 14:18:00,45917,00,46241,00,2022-12-29 22:39:57
505,505,2,22,PF,2013-07-27 13:47:00,209128,00,191520,00,2022-10-19 20:01:15
506,506,7,26,PF,2017-11-25 16:17:00,11257,00,11621,00,2022-12-28 21:37:30
507,507,3,78,PF,2015-04-20 11:35:00,296,00,254,00,2021-09-24 11:34:05
508,508,7,84,PF,2019-05-18 14:07:00,14898,00,14102,00,2022-12-30 00:00:00
509,509,1,13,PF,2012-01-20 11:56:00,19159,00,19863,00,2016-06-09 22:25:04
510,510,2,81,PF,2012-03-16 13:03:00,23050,00,20939,00,2022-12-29 23:59:59
511,511,7,85,PF,2018-11-07 11:57:00,36503,00,38393,00,2022-12-18 17:28:23
512,512,9,90,PF,2020-05-12 12:40:00,5687,00,4791,00,2022-02-06 14:04:31
513,513,6,66,PF,2021-07-01 11:43:00,13393,00,13010,00,2022-12-30 00:00:00
514,514,5,21,PF,2021-01-20 11:35:00,12237,00,11325,00,2022-12-29 23:59:59
515,515,4,73,PF,2014-04-17 15:32:00,127,00,101,00,2022-12-30 00:00:00
516,516,5,50,PF,2019-09-19 15:25:00,335,00,349,00,2022-12-30 00:00:00
517,517,2,15,PF,2020-12-11 15:57:00,62271,00,64049,00,2022-12-29 23:59:59
518,518,6,53,PF,2015-10-03 14:31:00,9879,00,9275,00,2022-12-29 23:59:50
519,519,7,84,PF,2021-09-14 11:54:00,797,00,187,00,2022-12-29 23:55:54
520,520,1,7,PF,2019-11-03 16:26:00,1809,00,1288,00,2022-12-29 23:59:59
521,521,7,26,PF,2022-09-13 13:05:00,248,00,146,00,2022-12-30 00:00:00
522,522,7,85,PF,2016-11-05 13:26:00,1004,00,377,00,2021-01-25 19:40:47
523,523,3,49,PF,2013-03-18 10:44:00,16025,00,14722,00,2015-06-04 18:42:29
524,524,7,85,PF,2019-11-02 11:32:00,75259,00,70788,00,2022-12-29 23:53:37
525,525,3,41,PF,2012-05-03 13:10:00,22773,00,20567,00,2017-10-21 07:21:47
526,526,8,35,PF,2018-09-16 15:21:00,37666,00,37588,00,2022-12-29 20:03:55
527,527,7,26,PF,2015-08-10 12:14:00,151338,00,142774,00,2022-05-07 10:06:41
528,528,1,23,PF,2013-08-15 14:41:00,7243,00,7380,00,2018-09-04 03:56:17
529,529,7,26,PF,2020-03-23 15:22:00,31630,00,29764,00,2022-12-30 00:00:00
530,530,7,26,PF,2018-02-14 12:30:00,11555,00,11723,00,2020-10-08 18:48:41
531,531,7,20,PF,2020-04-17 13:12:00,922,00,579,00,2022-12-10 10:44:24
532,532,5,5,PF,2021-07-13 14:56:00,49694,00,49628,00,2022-12-30 00:00:00
533,533,2,69,PF,2021-08-09 12:39:00,26541,00,24783,00,2022-12-29 23:59:59
534,534,2,28,PF,2015-01-25 16:56:00,32217,00,33477,00,2022-12-29 22:53:27
535,535,3,45,PF,2014-09-06 13:52:00,35,00,24,00,2021-09-06 18:08:48
536,536,7,84,PF,2020-12-09 14:29:00,457,00,1236,00,2022-12-30 00:00:00
537,537,7,48,PF,2020-02-02 16:09:00,6522,00,6180,00,2022-12-29 23:59:19
538,538,7,64,PF,2022-11-25 11:24:00,2676,00,2429,00,2022-12-30 00:00:00
539,539,2,56,PF,2011-04-21 10:58:00,17405,00,16455,00,2015-09-25 11:33:15
540,540,6,97,PF,2018-12-07 16:22:00,19180,00,18481,00,2021-08-19 04:14:57
541,541,4,61,PF,2019-04-25 13:04:00,80038,00,82151,00,2022-12-29 18:39:24
542,542,7,64,PF,2022-06-02 11:54:00,275,00,249,00,2022-12-30 00:00:00
543,543,7,48,PF,2017-07-05 15:58:00,4106,00,3765,00,2022-12-29 23:59:59
544,544,7,20,PF,2018-09-08 12:35:00,83742,00,82074,00,2022-07-01 14:59:44
545,545,2,15,PF,2019-12-16 10:22:00,20510,00,20524,00,2022-12-29 23:59:59
546,546,7,64,PF,2019-12-14 16:56:00,134,00,83,00,2022-12-30 00:00:00
547,547,2,96,PF,2013-04-04 15:11:00,24559,00,45922,00,2018-01-29 23:27:08
548,548,2,12,PF,2021-05-24 12:19:00,51462,00,47060,00,2022-12-29 23:59:59
549,549,7,48,PF,2019-06-22 15:37:00,1106,00,609,00,2021-06-22 14:14:44
550,550,7,26,PF,2017-06-25 15:12:00,102824,00,95089,00,2022-12-30 00:00:00
551,551,7,64,PF,2018-03-13 11:48:00,30963,00,28648,00,2022-12-26 11:10:19
552,552,7,26,PF,2018-06-17 14:15:00,31,00,769,00,2022-12-29 23:59:59
553,553,7,20,PF,2017-10-25 12:12:00,27282,00,26909,00,2022-12-29 23:04:30
554,554,7,48,PF,2022-06-02 15:03:00,20,00,187,00,2022-12-29 23:59:59
555,555,1,14,PF,2012-08-24 12:57:00,52691,00,54240,00,2019-04-01 21:41:58
556,556,8,51,PF,2020-06-08 14:51:00,165,00,1003,00,2022-12-29 23:59:57
557,557,1,31,PF,2017-12-09 12:29:00,2841,00,2543,00,2022-12-29 23:56:57
558,558,7,64,PF,2021-08-23 12:15:00,359,00,148,00,2022-12-29 23:59:59
559,559,1,58,PF,2011-02-05 14:40:00,31372,00,29533,00,2022-12-30 00:00:00
560,560,8,51,PF,2020-07-14 13:09:00,40,00,17,00,2022-12-11 22:19:08
561,561,7,84,PF,2019-01-20 12:19:00,9182,00,8913,00,2022-06-24 08:29:45
562,562,5,43,PF,2021-07-16 16:50:00,1973,00,1811,00,2022-12-29 23:59:59
563,563,7,86,PF,2021-07-10 11:51:00,46720,00,46232,00,2022-12-30 00:00:00
564,564,1,24,PF,2015-05-20 11:34:00,20584,00,19955,00,2017-07-18 11:54:24
565,565,7,64,PF,2016-06-28 12:31:00,4723,00,4450,00,2022-12-29 23:59:59
566,566,2,22,PF,2013-11-11 12:53:00,5737,00,5160,00,2018-03-26 15:13:17
567,567,1,79,PF,2011-05-16 10:17:00,31479,00,29103,00,2015-09-15 11:33:09
568,568,4,61,PF,2020-08-22 15:21:00,78357,00,74084,00,2022-12-29 23:59:59
569,569,7,86,PF,2016-11-25 12:47:00,38,00,10,00,2022-12-29 23:59:59
570,570,7,64,PF,2021-12-14 10:13:00,1634,00,1530,00,2022-12-29 23:59:07
571,571,4,3,PF,2018-01-18 14:36:00,469,00,316,00,2022-12-30 00:00:00
572,572,7,84,PF,2021-09-21 16:34:00,26,00,5,00,2022-12-29 23:59:59
573,573,7,26,PF,2021-05-11 15:05:00,830,00,498,00,2022-12-29 23:59:59
574,574,1,77,PF,2014-03-05 16:10:00,11612,00,10535,00,2022-07-03 23:00:19
575,575,4,61,PF,2015-07-27 11:15:00,80964,00,79474,00,2022-06-23 07:35:02
576,576,3,41,PF,2015-12-26 13:07:00,1618,00,1368,00,2021-04-12 00:08:06
577,577,7,48,PF,2016-03-15 16:07:00,17829,00,16712,00,2020-01-24 06:19:25
578,578,6,17,PF,2021-02-03 14:52:00,19177,00,18603,00,2022-12-30 00:00:00
579,579,7,26,PF,2018-10-03 16:00:00,7337,00,6816,00,2022-08-12 08:56:55
580,580,4,3,PF,2014-05-04 13:13:00,17823,00,17114,00,2022-12-29 23:59:59
581,581,7,26,PF,2017-07-06 11:09:00,8627,00,7873,00,2020-12-16 07:28:46
582,582,3,41,PF,2013-02-21 11:58:00,36087,00,37148,00,2022-12-30 00:00:00
583,583,7,86,PF,2020-06-25 14:02:00,380,00,128,00,2022-12-29 23:59:59
584,584,1,24,PF,2014-11-07 11:59:00,1658,00,1592,00,2019-08-27 12:10:09
585,585,9,25,PF,2022-10-20 11:04:00,44649,00,40913,00,2022-12-30 00:00:00
586,586,7,20,PF,2021-04-18 11:35:00,85580,00,84678,00,2022-12-29 23:59:59
587,587,7,20,PF,2019-09-06 15:59:00,45734,00,21792,00,2022-12-29 23:59:59
588,588,7,26,PF,2019-09-07 15:19:00,6797,00,6144,00,2022-12-30 00:00:00
589,589,7,84,PF,2018-09-13 13:09:00,74008,00,71872,00,2020-06-04 21:51:06
590,590,6,93,PF,2018-10-09 11:33:00,33128,00,29602,00,2022-12-29 23:59:59
591,591,9,1,PF,2022-05-19 11:46:00,20638,00,19948,00,2022-12-30 00:00:00
592,592,3,98,PF,2014-10-28 14:46:00,493,00,427,00,2022-12-06 18:19:31
593,593,7,84,PF,2019-01-12 10:56:00,56788,00,57631,00,2022-12-29 23:59:59
594,594,7,86,PF,2019-11-26 14:01:00,1648,00,1131,00,2022-11-27 00:35:22
595,595,7,64,PF,2016-10-11 15:15:00,244085,00,251588,00,2019-07-28 15:05:07
596,596,7,20,PF,2022-08-06 13:27:00,766,00,689,00,2022-12-29 23:59:59
597,597,5,92,PF,2019-06-19 12:21:00,106127,00,108338,00,2022-12-29 23:59:59
598,598,1,67,PF,2015-02-09 13:15:00,6940,00,6722,00,2022-12-30 00:00:00
599,599,3,78,PF,2020-01-11 14:52:00,161,00,139,00,2022-12-27 05:16:01
600,600,5,9,PF,2021-01-10 15:35:00,2724,00,2350,00,2022-12-29 23:59:59
601,601,7,20,PF,2019-06-24 10:12:00,55381,00,50163,00,2022-12-29 23:59:58
602,602,1,83,PF,2018-10-24 13:07:00,10115,00,9667,00,2021-02-19 04:34:16
603,603,3,41,PF,2018-04-20 10:44:00,4323,00,4352,00,2022-12-29 15:20:07
604,604,1,72,PF,2022-03-20 16:32:00,66821,00,68837,00,2022-12-29 23:59:59
605,605,7,86,PF,2022-05-02 16:57:00,50226,00,49704,00,2022-12-30 00:00:00
606,606,7,48,PF,2021-06-18 14:14:00,1239,00,1161,00,2022-12-29 23:59:59
607,607,7,84,PF,2015-12-04 11:48:00,1963,00,1855,00,2018-09-08 03:23:55
608,608,3,37,PF,2014-09-20 11:49:00,28555,00,28544,00,2019-12-14 17:57:10
609,609,7,85,PF,2017-05-14 15:03:00,57623,00,58782,00,2021-09-04 06:56:17
610,610,6,87,PF,2020-11-01 14:28:00,1658,00,1592,00,2022-12-29 23:59:59
611,611,5,52,PF,2019-08-06 14:42:00,35913,00,33542,00,2022-12-29 14:27:05
612,612,6,2,PF,2017-02-05 12:35:00,12974,00,13553,00,2022-12-29 23:59:59
613,613,5,50,PF,2017-10-24 13:13:00,18773,00,18763,00,2022-05-13 03:12:29
614,614,4,73,PF,2014-04-16 13:23:00,17250,00,17057,00,2018-10-11 13:45:20
615,615,4,32,PF,2021-06-11 16:02:00,98888,00,90717,00,2022-12-30 00:00:00
616,616,2,46,PF,2017-08-04 10:47:00,16991,00,15969,00,2022-12-29 23:59:59
617,617,1,31,PF,2016-02-17 11:37:00,28163,00,28107,00,2017-10-26 19:24:41
618,618,7,84,PF,2018-12-14 11:23:00,11413,00,10896,00,2020-05-13 12:18:10
619,619,7,85,PF,2020-04-02 14:43:00,11,00,789,00,2022-05-21 03:34:21
620,620,1,42,PF,2010-06-21 16:42:00,29814,00,28876,00,2014-01-29 19:49:43
621,621,2,15,PF,2015-03-11 11:29:00,52509,00,52048,00,2022-10-12 01:15:42
622,622,7,26,PF,2018-01-24 14:45:00,2143,00,1912,00,2022-12-30 00:00:00
623,623,2,96,PF,2018-06-12 11:47:00,274,00,195,00,2021-11-04 05:58:29
624,624,4,73,PF,2015-08-03 16:55:00,6263,00,5759,00,2022-04-09 16:15:28
625,625,7,48,PF,2021-01-09 11:36:00,10787,00,9793,00,2022-12-30 00:00:00
626,626,7,20,PF,2022-07-25 10:12:00,27364,00,25670,00,2022-12-29 23:59:59
627,627,7,84,PF,2020-12-14 13:51:00,143,00,11,00,2022-12-29 23:59:59
628,628,7,26,PF,2020-07-08 10:33:00,85151,00,84354,00,2022-12-30 00:00:00
629,629,7,86,PF,2018-06-15 13:15:00,4654,00,4310,00,2022-12-29 23:49:27
630,630,5,10,PF,2014-07-02 12:56:00,799,00,698,00,2022-12-03 10:49:57
631,631,1,34,PF,2010-12-10 15:06:00,21223,00,22164,00,2014-05-25 15:37:54
632,632,1,31,PF,2017-07-25 16:41:00,15022,00,14852,00,2022-12-29 23:59:59
633,633,2,63,PF,2011-05-08 13:51:00,16,00,,00,2018-08-30 03:58:32
634,634,7,20,PF,2021-07-02 13:31:00,48,00,21,00,2022-12-30 00:00:00
635,635,1,24,PF,2022-09-12 15:38:00,1534,00,1252,00,2022-12-30 00:00:00
636,636,7,26,PF,2016-12-26 15:16:00,7746,00,7061,00,2020-04-17 16:03:00
637,637,7,26,PF,2017-03-05 16:46:00,3806,00,3668,00,2021-07-18 20:15:52
638,638,4,32,PF,2018-07-05 11:41:00,314,00,19,00,2022-12-29 23:59:59
639,639,8,68,PF,2020-04-16 13:45:00,119106,00,122899,00,2022-11-18 12:13:00
640,640,2,81,PF,2020-06-11 14:58:00,151,00,61,00,2022-12-29 23:59:59
641,641,6,16,PF,2019-12-07 13:32:00,1,00,744,00,2022-12-29 23:59:59
642,642,2,70,PF,2019-06-26 12:58:00,14609,00,14856,00,2022-12-29 23:59:59
643,643,6,54,PF,2022-03-26 10:46:00,32,00,37,00,2022-12-29 23:59:59
644,644,8,80,PF,2022-11-06 12:02:00,651,00,610,00,2022-12-30 00:00:00
645,645,7,84,PF,2022-05-24 13:33:00,296,00,270,00,2022-12-30 00:00:00
646,646,7,26,PF,2018-08-15 15:30:00,45815,00,44858,00,2022-12-29 23:59:51
647,647,7,48,PF,2018-12-19 13:08:00,143,00,118,00,2021-11-07 20:51:03
648,648,9,90,PF,2021-07-28 15:32:00,5011,00,4585,00,2022-12-30 00:00:00
649,649,7,26,PF,2016-04-11 13:35:00,21961,00,22871,00,2021-11-14 03:58:03
650,650,7,26,PF,2022-07-12 13:16:00,7,00,684,00,2022-12-30 00:00:00
651,651,5,55,PF,2016-07-14 12:22:00,43605,00,44909,00,2021-08-23 12:42:40
652,652,9,11,PF,2020-10-23 15:23:00,88153,00,80069,00,2022-08-29 16:01:05
653,653,5,43,PF,2016-06-16 14:20:00,94097,00,86317,00,2022-12-29 23:59:59
654,654,7,86,PF,2019-05-24 12:34:00,48933,00,46182,00,2022-12-29 23:59:59
655,655,2,70,PF,2016-02-11 14:22:00,74550,00,70325,00,2020-05-15 16:28:49
656,656,3,4,PF,2019-02-20 12:24:00,30350,00,30770,00,2021-05-18 04:02:16
657,657,7,64,PF,2020-03-06 13:40:00,76149,00,75325,00,2022-12-29 23:59:59
658,658,7,84,PF,2017-02-07 12:10:00,10623,00,10255,00,2019-09-20 20:58:34
659,659,2,96,PF,2011-09-22 14:33:00,43301,00,40067,00,2019-10-04 10:28:51
660,660,7,84,PF,2022-10-28 14:34:00,64380,00,61857,00,2022-12-30 00:00:00
661,661,2,46,PF,2013-09-11 13:40:00,19,00,5,00,2022-12-29 23:59:56
662,662,7,20,PF,2022-12-15 12:50:00,25648,00,24995,00,2022-12-31 03:13:47
663,663,7,84,PF,2020-07-21 14:21:00,318,00,209,00,2022-12-29 23:59:59
664,664,2,46,PF,2017-11-12 15:21:00,17796,00,17333,00,2022-12-30 00:00:00
665,665,7,86,PF,2019-12-11 14:35:00,15668,00,16088,00,2022-12-29 23:59:59
666,666,2,22,PF,2015-07-27 15:03:00,47389,00,48308,00,2020-02-25 11:30:30
667,667,2,46,PF,2022-03-06 15:06:00,987,00,760,00,2022-12-30 00:00:00
668,668,2,81,PF,2015-03-03 12:16:00,2967,00,918,00,2022-12-30 00:00:00
669,669,7,86,PF,2016-04-15 14:26:00,67205,00,55598,00,2020-04-14 01:45:56
670,670,1,62,PF,2022-10-25 14:11:00,42711,00,41331,00,2022-12-30 00:00:00
671,671,1,83,PF,2021-08-09 16:15:00,8075,00,7551,00,2022-12-30 00:00:00
672,672,8,94,PF,2019-07-14 12:16:00,15905,00,14492,00,2022-12-29 23:59:55
673,673,7,64,PF,2016-09-09 14:30:00,92837,00,86746,00,2022-08-19 17:46:19
674,674,7,26,PF,2021-02-10 13:27:00,235,00,179,00,2022-12-29 23:59:59
675,675,7,85,PF,2019-04-24 13:55:00,43784,00,40696,00,2022-12-30 00:00:00
676,676,5,60,PF,2016-04-25 15:44:00,7591,00,6859,00,2018-10-13 12:34:22
677,677,2,57,PF,2018-01-15 11:14:00,39346,00,38525,00,2022-07-12 17:02:07
678,678,7,20,PF,2016-06-06 12:17:00,9935,00,9839,00,2021-12-12 12:27:17
679,679,7,20,PF,2019-01-08 15:11:00,8394,00,8519,00,2022-06-30 10:11:49
680,680,7,26,PF,2016-08-07 12:18:00,55,00,39,00,2022-10-19 17:49:07
681,681,7,26,PF,2018-07-23 13:19:00,160415,00,90516,00,2022-12-30 00:00:00
682,682,7,84,PF,2020-10-14 16:53:00,20,00,225,00,2022-12-30 00:00:00
683,683,7,86,PF,2022-03-06 13:25:00,4130,00,4337,00,2022-12-30 00:00:00
684,684,1,77,PF,2020-03-14 11:55:00,14568,00,14689,00,2022-12-30 00:00:00
685,685,7,48,PF,2021-02-27 15:29:00,56057,00,53350,00,2022-12-29 23:55:37
686,686,7,64,PF,2021-05-26 10:49:00,9942,00,9726,00,2022-12-29 23:59:59
687,687,7,48,PF,2021-12-14 10:04:00,44954,00,42763,00,2022-12-29 23:59:59
688,688,1,13,PF,2017-12-05 11:03:00,61105,00,55917,00,2022-09-24 13:18:37
689,689,3,41,PF,2014-04-15 11:08:00,37557,00,34398,00,2022-12-29 22:51:57
690,690,7,26,PF,2022-02-27 14:01:00,27760,00,28603,00,2022-12-29 23:59:59
691,691,7,26,PF,2020-07-15 16:46:00,107912,00,101404,00,2022-05-08 08:59:54
692,692,5,36,PF,2014-07-11 12:48:00,34962,00,32166,00,2022-12-30 00:00:00
693,693,8,80,PF,2020-01-21 13:12:00,162,00,75,00,2022-12-29 23:59:59
694,694,7,85,PF,2022-04-07 14:35:00,137,00,98,00,2022-12-29 23:59:59
695,695,7,84,PF,2021-04-18 15:39:00,18491,00,17175,00,2022-12-30 00:00:00
696,696,7,85,PF,2021-12-24 13:02:00,331,00,133,00,2022-12-29 23:59:59
697,697,1,72,PF,2013-01-24 12:46:00,1323,00,1185,00,2016-09-14 12:33:25
698,698,7,48,PF,2018-08-14 15:16:00,52949,00,49952,00,2022-12-29 23:59:59
699,699,2,70,PF,2011-03-22 14:49:00,24351,00,22299,00,2022-12-29 23:59:59
700,700,2,70,PF,2017-12-06 16:13:00,24760,00,25235,00,2022-12-30 00:00:00
701,701,1,30,PF,2013-02-24 10:46:00,53,00,37,00,2020-03-30 08:05:11
702,702,7,64,PF,2017-05-25 15:10:00,26386,00,26892,00,2022-12-29 23:42:02
703,703,4,73,PF,2015-03-04 13:12:00,13916,00,14255,00,2020-04-08 17:50:08
704,704,7,20,PF,2021-10-11 14:10:00,16362,00,15714,00,2022-12-29 23:38:42
705,705,4,32,PF,2015-07-24 13:19:00,7272,00,7395,00,2019-05-21 05:28:33
706,706,6,29,PF,2019-01-10 15:36:00,1624,00,1231,00,2022-12-30 00:00:00
707,707,7,86,PF,2016-10-22 14:14:00,60833,00,59617,00,2019-01-13 13:11:29
708,708,7,84,PF,2020-07-19 11:21:00,959,00,770,00,2022-11-04 04:20:04
709,709,7,64,PF,2018-09-07 11:13:00,111450,00,107095,00,2022-12-28 04:19:32
710,710,7,48,PF,2019-06-26 12:44:00,3706,00,3069,00,2022-09-27 22:56:46
711,711,9,75,PF,2022-12-08 14:47:00,342,00,235,00,2023-01-05 04:57:57
712,712,7,20,PF,2019-06-16 12:47:00,34828,00,45918,00,2022-12-29 23:56:56
713,713,9,38,PF,2019-10-10 10:50:00,6769,00,6828,00,2022-12-29 23:59:59
714,714,1,42,PF,2015-06-18 11:20:00,48216,00,43787,00,2020-07-12 04:06:16
715,715,1,67,PF,2018-12-20 16:17:00,27057,00,23267,00,2022-12-30 00:00:00
716,716,7,26,PF,2019-05-02 16:21:00,427,00,228,00,2022-12-29 23:59:39
717,717,1,77,PF,2015-02-21 12:48:00,30082,00,29273,00,2020-02-21 02:00:45
718,718,7,20,PF,2018-03-09 14:52:00,44328,00,40732,00,2022-12-25 21:35:51
719,719,7,85,PF,2016-08-16 13:16:00,13048,00,13317,00,2019-12-20 19:18:15
720,720,6,93,PF,2021-03-23 10:56:00,4125,00,3729,00,2022-12-29 23:59:59
721,721,3,27,PF,2022-07-17 14:30:00,1729,00,1623,00,2022-12-29 23:59:59
722,722,7,64,PF,2018-05-16 13:22:00,13669,00,13064,00,2022-12-29 23:59:59
723,723,4,73,PF,2013-12-02 14:38:00,29617,00,27618,00,2019-08-17 03:45:19
724,724,7,85,PF,2019-08-07 13:31:00,1378,00,1349,00,2022-09-14 05:40:11
725,725,5,52,PF,2020-01-11 14:13:00,116,00,20,00,2022-12-29 23:59:59
726,726,9,11,PF,2019-11-06 15:14:00,6821,00,7091,00,2022-12-30 00:00:00
727,727,4,3,PF,2020-08-10 12:55:00,2660,00,1976,00,2022-06-08 10:09:04
728,728,7,26,PF,2020-11-23 12:34:00,19557,00,20119,00,2022-12-29 23:59:59
729,729,7,84,PF,2020-08-21 10:13:00,267,00,223,00,2022-12-29 23:59:37
730,730,7,20,PF,2019-05-02 11:22:00,29,00,16,00,2022-12-29 23:57:11
731,731,7,85,PF,2017-07-21 11:57:00,857,00,512,00,2022-12-26 20:38:55
732,732,7,48,PF,2018-07-26 14:07:00,26142,00,26741,00,2022-12-29 22:57:44
733,733,6,87,PF,2020-09-26 10:37:00,340,00,253,00,2022-06-01 14:56:47
734,734,7,84,PF,2020-08-17 15:00:00,1021,00,953,00,2022-12-30 00:00:00
735,735,1,62,PF,2012-12-03 13:05:00,72474,00,67091,00,2021-04-25 23:19:48
736,736,8,68,PF,2021-11-06 15:31:00,6682,00,6102,00,2022-12-29 23:59:59
737,737,7,26,PF,2021-01-28 14:26:00,901,00,2456,00,2022-12-29 23:59:59
738,738,7,64,PF,2018-12-19 16:10:00,17755,00,16268,00,2022-12-30 00:00:00
739,739,1,7,PF,2014-02-26 12:20:00,45,00,616,00,2022-12-29 23:59:59
740,740,1,31,PF,2019-11-12 12:14:00,788,00,697,00,2022-12-29 23:50:54
741,741,1,14,PF,2012-03-03 14:17:00,91849,00,83480,00,2020-11-17 22:35:58
742,742,6,66,PF,2019-05-17 15:36:00,1612,00,1498,00,2022-11-30 22:26:57
743,743,8,80,PF,2019-05-06 11:39:00,14112,00,12225,00,2022-12-29 23:40:09
744,744,2,56,PF,2012-03-21 11:46:00,4711,00,5493,00,2021-10-01 18:38:52
745,745,7,84,PF,2017-04-23 15:36:00,24507,00,22446,00,2022-12-30 00:00:00
746,746,7,64,PF,2021-08-27 15:36:00,6437,00,6676,00,2022-12-29 23:57:27
747,747,5,5,PF,2022-11-18 14:04:00,505,00,507,00,2022-12-29 23:59:59
748,748,7,86,PF,2019-06-19 11:57:00,49285,00,50788,00,2022-12-30 00:00:00
749,749,4,32,PF,2018-08-23 12:31:00,45291,00,43485,00,2021-05-18 15:03:23
750,750,2,22,PF,2012-05-05 11:32:00,3848,00,3727,00,2022-12-25 16:58:54
751,751,1,14,PF,2012-01-13 12:29:00,59,00,44,00,2022-07-17 17:25:28
752,752,3,47,PF,2017-10-28 15:26:00,657,00,538,00,2022-12-29 23:59:59
753,753,4,73,PF,2017-07-04 15:05:00,13400,00,13211,00,2022-09-08 08:44:46
754,754,7,64,PF,2022-12-15 14:27:00,1251,00,810,00,2022-12-29 23:59:59
755,755,7,48,PF,2019-05-27 13:47:00,48347,00,45095,00,2022-12-29 23:59:59
756,756,7,48,PF,2021-01-16 12:06:00,11326,00,11697,00,2022-12-30 00:00:00
757,757,7,64,PF,2016-12-10 15:46:00,7591,00,7573,00,2022-12-30 00:00:00
758,758,1,79,PF,2014-12-25 13:17:00,62228,00,56551,00,2019-09-19 03:25:22
759,759,2,69,PF,2022-01-02 14:41:00,937,00,1702,00,2022-12-29 23:59:59
760,760,2,57,PF,2013-04-27 10:08:00,20116,00,20875,00,2015-06-05 12:29:59
761,761,7,26,PF,2016-06-07 15:04:00,9,00,1232,00,2022-12-30 00:00:00
762,762,2,15,PF,2022-09-15 14:36:00,28104,00,27974,00,2022-12-29 23:59:59
763,763,6,44,PF,2016-10-19 14:58:00,2213,00,2061,00,2022-12-27 22:47:18
764,764,10,8,PF,2022-09-08 11:06:00,65495,00,64823,00,2022-12-29 23:59:59
765,765,3,49,PF,2019-05-27 12:48:00,291,00,200,00,2022-12-29 23:59:59
766,766,2,46,PF,2014-09-07 13:15:00,271,00,334,00,2022-12-29 23:59:59
767,767,3,37,PF,2019-12-06 15:52:00,77102,00,74114,00,2022-12-18 14:40:10
768,768,2,22,PF,2019-04-22 14:34:00,44919,00,42951,00,2022-12-29 23:55:59
769,769,7,48,PF,2017-01-07 14:53:00,3666,00,3430,00,2022-08-29 02:51:43
770,770,9,91,PF,2022-04-04 12:34:00,62511,00,29401,00,2022-12-29 23:59:59
771,771,7,26,PF,2020-01-16 12:55:00,92428,00,97788,00,2022-12-29 23:59:59
772,772,7,85,PF,2017-06-08 11:13:00,53692,00,50042,00,2021-11-12 13:19:09
773,773,7,20,PF,2018-02-27 16:20:00,4140,00,3896,00,2021-01-08 03:42:17
774,774,2,56,PF,2018-07-11 14:52:00,206361,00,196440,00,2022-12-29 23:56:56
775,775,1,13,PF,2011-03-19 14:55:00,39008,00,35288,00,2021-06-25 14:12:03
776,776,4,73,PF,2021-03-14 15:58:00,117,00,76,00,2022-12-29 23:59:59
777,777,7,85,PF,2022-01-07 13:03:00,1200,00,577,00,2022-12-29 23:59:59
778,778,3,47,PF,2018-12-21 14:46:00,4988,00,5373,00,2022-12-29 23:59:59
779,779,5,55,PF,2014-04-15 11:46:00,3915,00,4232,00,2021-03-27 08:36:14
780,780,4,3,PF,2018-02-05 11:35:00,2476,00,2414,00,2022-02-20 07:42:18
781,781,4,32,PF,2014-09-23 11:27:00,337,00,78,00,2022-07-26 15:01:24
782,782,7,26,PF,2019-01-10 11:19:00,35279,00,32124,00,2022-02-19 07:16:19
783,783,7,26,PF,2015-09-21 11:35:00,41501,00,37538,00,2019-01-07 19:33:10
784,784,7,86,PF,2020-07-27 12:34:00,373,00,331,00,2022-12-29 23:59:59
785,785,6,53,PF,2021-03-15 15:01:00,666,00,524,00,2022-12-30 00:00:00
786,786,5,59,PF,2019-01-21 14:29:00,25708,00,24386,00,2022-12-30 00:00:00
787,787,7,48,PF,2017-10-10 12:04:00,109334,00,103374,00,2022-12-29 23:59:59
788,788,7,86,PF,2021-06-11 11:11:00,38,00,243,00,2022-12-30 00:00:00
789,789,7,20,PF,2021-09-04 14:30:00,1840,00,932,00,2022-12-30 00:00:00
790,790,5,59,PF,2014-07-03 16:49:00,8696,00,8079,00,2021-09-20 23:50:12
791,791,7,85,PF,2015-10-21 13:49:00,5609,00,4787,00,2022-12-27 23:54:19
792,792,7,64,PF,2018-12-08 12:54:00,40346,00,38036,00,2022-12-29 23:59:59
793,793,9,1,PF,2020-05-03 15:46:00,19031,00,19194,00,2022-12-30 00:00:00
794,794,7,26,PF,2019-11-14 11:15:00,996,00,938,00,2022-12-29 23:56:29
795,795,7,85,PF,2022-02-25 15:08:00,100,00,51,00,2022-12-29 23:59:59
796,796,7,48,PF,2019-11-08 15:59:00,5281,00,5077,00,2022-11-30 08:27:05
797,797,2,96,PF,2018-10-21 14:14:00,66,00,40,00,2022-12-30 00:00:00
798,798,4,73,PF,2015-11-21 10:49:00,539,00,509,00,2022-12-29 23:56:27
799,799,2,28,PF,2021-05-24 11:29:00,128,00,7,00,2022-12-30 00:00:00
800,800,3,45,PF,2015-02-25 15:05:00,45523,00,46356,00,2022-12-30 00:00:00
801,801,2,57,PF,2019-09-27 15:29:00,34040,00,34583,00,2022-12-29 23:59:59
802,802,7,48,PF,2015-11-05 11:08:00,32374,00,29643,00,2019-03-14 13:46:53
803,803,7,84,PF,2021-11-17 12:01:00,71217,00,67168,00,2022-12-29 23:59:59
804,804,1,83,PF,2011-12-06 13:00:00,58103,00,56919,00,2016-11-04 11:52:28
805,805,1,62,PF,2011-05-08 14:35:00,4438,00,4510,00,2022-12-30 00:00:00
806,806,7,85,PF,2018-05-02 13:32:00,584,00,576,00,2022-12-29 23:48:23
807,807,7,26,PF,2022-07-28 16:18:00,50704,00,51891,00,2022-12-30 00:00:00
808,808,1,30,PF,2013-08-08 14:43:00,33978,00,32308,00,2022-04-21 18:11:48
809,809,7,86,PF,2021-05-18 16:15:00,901,00,568,00,2022-12-29 23:59:59
810,810,5,50,PF,2017-07-07 15:17:00,635,00,918,00,2022-12-29 23:59:49
811,811,7,85,PF,2018-08-06 11:04:00,7630,00,7722,00,2022-08-24 03:53:49
812,812,7,85,PF,2018-10-24 12:26:00,15943,00,16354,00,2022-06-29 15:52:37
813,813,4,3,PF,2020-08-28 11:27:00,410,00,202,00,2022-12-30 00:00:00
814,814,3,4,PF,2014-09-09 14:55:00,20261,00,19025,00,2018-09-10 03:08:32
815,815,9,1,PF,2021-06-21 14:04:00,174,00,124,00,2022-12-29 23:59:59
816,816,7,86,PF,2017-04-18 15:01:00,157,00,57,00,2022-12-23 13:45:19
817,817,5,43,PF,2021-11-25 15:41:00,41127,00,41896,00,2022-12-29 23:59:59
818,818,7,64,PF,2021-05-08 12:31:00,40853,00,41083,00,2022-12-29 23:37:02
819,819,6,17,PF,2022-08-02 11:24:00,54632,00,56789,00,2022-12-30 00:00:00
820,820,5,60,PF,2017-05-04 12:48:00,4803,00,4043,00,2022-12-29 23:59:59
821,821,2,46,PF,2012-03-12 12:31:00,38099,00,37024,00,2016-02-26 14:02:42
822,822,7,84,PF,2022-12-16 15:58:00,238,00,212,00,2023-01-04 07:55:58
823,823,7,85,PF,2022-01-18 12:45:00,383,00,357,00,2022-12-29 23:59:59
824,824,7,48,PF,2016-01-07 12:26:00,18454,00,19004,00,2017-05-11 03:33:48
825,825,8,68,PF,2022-04-28 14:01:00,8502,00,7492,00,2022-12-30 00:00:00
826,826,2,96,PF,2017-07-16 10:31:00,3343,00,3376,00,2019-08-18 17:54:24
827,827,7,84,PF,2022-10-24 14:44:00,107556,00,99308,00,2022-12-30 00:00:00
828,828,4,32,PF,2021-12-25 12:52:00,10753,00,10954,00,2022-12-30 00:00:00
829,829,7,20,PF,2020-04-16 10:33:00,256,00,106,00,2022-12-30 00:00:00
830,830,4,32,PF,2018-01-11 14:07:00,20823,00,19957,00,2022-12-29 16:43:16
831,831,1,72,PF,2016-01-22 11:28:00,32572,00,31390,00,2022-12-29 23:57:40
832,832,3,47,PF,2012-12-25 15:27:00,56012,00,51659,00,2019-09-23 22:31:07
833,833,5,10,PF,2014-07-17 12:29:00,16409,00,15424,00,2021-03-23 03:37:51
834,834,4,32,PF,2015-03-25 14:02:00,241,00,179,00,2018-08-31 03:04:19
835,835,7,86,PF,2019-12-09 11:43:00,39400,00,38090,00,2022-12-29 23:59:59
836,836,7,26,PF,2022-08-23 11:20:00,419,00,370,00,2022-12-30 00:00:00
837,837,5,55,PF,2014-03-18 10:30:00,18181,00,16654,00,2020-05-26 22:47:20
838,838,4,73,PF,2013-11-15 16:17:00,20058,00,19265,00,2021-05-08 07:11:47
839,839,7,48,PF,2017-01-02 12:37:00,14016,00,14495,00,2019-10-04 10:15:58
840,840,3,45,PF,2013-02-05 11:08:00,18951,00,19926,00,2022-12-29 23:59:59
841,841,2,28,PF,2020-04-16 16:11:00,35333,00,36788,00,2022-12-28 23:54:25
842,842,7,20,PF,2020-10-02 10:21:00,1193,00,1109,00,2022-12-30 00:00:00
843,843,7,86,PF,2019-08-09 10:35:00,11976,00,11226,00,2021-07-02 02:15:55
844,844,1,23,PF,2022-09-19 12:48:00,20803,00,20373,00,2022-12-29 23:59:59
845,845,3,27,PF,2020-12-16 15:14:00,904,00,477,00,2022-12-30 00:00:00
846,846,3,49,PF,2013-10-12 10:33:00,143847,00,130458,00,2022-12-30 00:00:00
847,847,7,85,PF,2017-10-23 12:25:00,84,00,35,00,2022-08-18 01:29:44
848,848,4,3,PF,2022-10-14 14:02:00,6,00,26,00,2022-12-29 23:59:59
849,849,7,26,PF,2021-06-05 11:43:00,5047,00,5126,00,2022-12-30 00:00:00
850,850,3,37,PF,2013-07-22 14:42:00,117660,00,107914,00,2018-08-05 01:57:43
851,851,7,64,PF,2022-05-02 10:45:00,182,00,152,00,2022-12-29 23:59:59
852,852,4,61,PF,2015-07-01 16:05:00,41988,00,42369,00,2016-09-28 15:36:43
853,853,8,94,PF,2020-11-21 11:32:00,232,00,223,00,2022-12-30 00:00:00
854,854,7,86,PF,2017-04-13 12:22:00,656,00,652,00,2022-12-29 23:59:59
855,855,7,48,PF,2017-02-25 13:28:00,48777,00,44463,00,2022-12-29 23:59:59
856,856,6,16,PF,2015-06-24 15:02:00,11790,00,10831,00,2022-12-29 23:40:08
857,857,7,64,PF,2017-05-14 14:29:00,1985,00,1836,00,2022-12-29 23:35:39
858,858,8,33,PF,2018-11-28 11:24:00,628,00,297,00,2022-04-14 16:47:44
859,859,7,86,PF,2020-11-03 11:41:00,4935,00,1943,00,2022-12-30 00:00:00
860,860,7,84,PF,2021-04-15 14:16:00,41005,00,37774,00,2022-12-29 23:59:59
861,861,3,41,PF,2018-07-15 11:31:00,3621,00,3264,00,2022-09-26 16:33:15
862,862,5,59,PF,2017-11-07 11:35:00,57375,00,54060,00,2022-12-25 14:04:09
863,863,3,47,PF,2015-11-26 12:41:00,118,00,56,00,2018-09-23 21:05:00
864,864,7,26,PF,2017-04-28 15:30:00,12665,00,13352,00,2022-01-05 17:26:55
865,865,7,64,PF,2019-05-06 10:03:00,11394,00,11738,00,2022-12-29 23:59:59
866,866,3,98,PF,2019-06-22 13:36:00,4,00,624,00,2022-12-30 00:00:00
867,867,7,86,PF,2016-10-14 12:02:00,112726,00,112686,00,2019-03-15 11:54:30
868,868,7,20,PF,2022-12-02 13:06:00,443,00,407,00,2022-12-30 00:00:00
869,869,8,35,PF,2021-04-09 13:01:00,1807,00,1835,00,2022-12-29 23:59:59
870,870,6,2,PF,2017-12-20 11:12:00,51333,00,48084,00,2022-12-13 18:36:48
871,871,6,93,PF,2022-08-22 14:00:00,93,00,31,00,2022-12-29 23:59:59
872,872,8,35,PF,2021-01-16 10:38:00,74,00,55,00,2022-12-30 00:00:00
873,873,7,64,PF,2021-05-25 15:15:00,179,00,171,00,2022-12-30 00:00:00
874,874,7,64,PF,2021-11-20 10:46:00,187,00,67,00,2022-12-29 23:59:59
875,875,1,79,PF,2015-01-18 15:07:00,33365,00,30866,00,2022-12-29 23:55:10
876,876,3,4,PF,2019-04-17 11:01:00,5137,00,5069,00,2022-12-29 23:59:59
877,877,1,42,PF,2013-02-11 11:31:00,125716,00,126887,00,2019-05-21 20:49:47
878,878,1,34,PF,2012-05-16 14:13:00,32869,00,34449,00,2021-05-13 20:48:23
879,879,2,81,PF,2013-07-12 10:44:00,238990,00,231759,00,2019-09-11 05:47:27
880,880,7,48,PF,2017-06-06 14:49:00,20335,00,18485,00,2022-12-30 00:00:00
881,881,3,49,PF,2019-12-23 15:28:00,5707,00,5466,00,2022-12-29 23:57:20
882,882,7,84,PF,2020-09-20 12:10:00,12488,00,12478,00,2022-12-29 23:59:59
883,883,7,48,PF,2015-09-05 16:18:00,29382,00,28322,00,2017-05-01 11:52:54
884,884,7,84,PF,2017-08-06 11:01:00,13113,00,12932,00,2022-12-29 23:43:26
885,885,7,86,PF,2018-03-01 15:45:00,16065,00,15859,00,2020-09-02 02:39:39
886,886,3,49,PF,2014-04-26 15:43:00,3586,00,3645,00,2019-03-02 04:00:38
887,887,7,20,PF,2021-02-27 11:43:00,17067,00,15458,00,2022-12-30 00:00:00
888,888,1,23,PF,2016-04-13 11:01:00,91067,00,87609,00,2021-05-22 22:18:09
889,889,6,16,PF,2022-11-20 14:49:00,828,00,786,00,2022-12-30 00:00:00
890,890,2,96,PF,2013-12-11 14:23:00,91,00,34,00,2022-09-19 07:33:48
891,891,2,81,PF,2012-02-20 13:42:00,5171,00,5112,00,2018-08-12 08:36:11
892,892,1,77,PF,2015-08-05 12:19:00,8397,00,7660,00,2019-05-25 15:09:19
893,893,7,84,PF,2022-07-19 13:30:00,310,00,298,00,2022-12-29 23:59:59
894,894,7,86,PF,2019-06-04 12:01:00,39102,00,36479,00,2022-10-23 19:09:11
895,895,3,4,PF,2022-08-15 11:35:00,3191,00,3020,00,2022-12-30 00:00:00
896,896,2,28,PF,2018-06-19 14:13:00,36968,00,39530,00,2022-12-29 23:59:59
897,897,3,27,PF,2016-12-07 11:46:00,208,00,156,00,2022-12-29 23:59:59
898,898,3,78,PF,2013-02-25 15:54:00,79839,00,79023,00,2018-03-09 02:47:00
899,899,4,73,PF,2021-10-17 13:00:00,8539,00,8294,00,2022-12-29 23:59:59
900,900,7,20,PF,2021-08-06 12:29:00,375,00,71,00,2022-12-30 00:00:00
901,901,7,86,PF,2020-01-18 13:48:00,18,00,310,00,2022-12-29 23:59:59
902,902,7,26,PF,2018-03-17 15:41:00,1374,00,1311,00,2022-12-29 23:33:50
903,903,2,56,PF,2020-08-16 11:05:00,83936,00,84439,00,2022-03-13 19:41:29
904,904,9,90,PF,2020-12-16 14:36:00,153177,00,143607,00,2022-12-29 08:00:16
905,905,2,57,PF,2013-03-04 12:38:00,18219,00,17267,00,2016-08-05 23:19:11
906,906,3,98,PF,2012-11-25 14:07:00,25095,00,25725,00,2022-12-29 23:59:59
907,907,7,86,PF,2022-08-01 12:44:00,4204,00,4444,00,2022-12-30 00:00:00
908,908,7,85,PF,2021-04-02 10:22:00,121,00,146,00,2022-12-29 23:59:59
909,909,3,74,PF,2019-01-04 13:26:00,64506,00,67700,00,2022-11-25 11:40:32
910,910,1,30,PF,2011-11-03 16:42:00,38140,00,38894,00,2018-11-01 23:32:33
911,911,1,58,PF,2011-09-22 12:17:00,3545,00,3563,00,2022-12-29 23:59:59
912,912,7,26,PF,2020-07-16 12:22:00,23870,00,24429,00,2022-12-29 23:59:59
913,913,2,81,PF,2021-10-08 14:19:00,297,00,128,00,2022-12-30 00:00:00
914,914,3,78,PF,2017-11-11 11:08:00,675,00,650,00,2022-12-26 03:19:05
915,915,2,28,PF,2018-12-25 12:03:00,12410,00,12940,00,2022-10-01 08:38:58
916,916,9,39,PF,2020-01-17 11:30:00,20401,00,18537,00,2022-12-30 00:00:00
917,917,7,64,PF,2016-05-18 11:07:00,2074,00,1890,00,2022-12-30 00:00:00
918,918,8,40,PF,2020-05-16 11:58:00,666,00,502,00,2022-12-29 22:20:07
919,919,2,69,PF,2014-10-18 12:17:00,11549,00,11770,00,2018-09-03 14:38:01
920,920,1,13,PF,2021-01-22 13:48:00,2023,00,2511,00,2022-12-29 23:59:59
921,921,7,86,PF,2021-09-03 15:52:00,334,00,297,00,2022-12-29 23:59:59
922,922,7,86,PF,2022-08-17 11:05:00,38032,00,36903,00,2022-12-30 00:00:00
923,923,4,32,PF,2021-05-05 13:11:00,21432,00,21785,00,2022-12-29 23:59:59
924,924,4,3,PF,2021-10-20 15:55:00,26185,00,23748,00,2022-12-29 23:59:14
925,925,1,67,PF,2014-07-10 14:52:00,7854,00,7813,00,2022-12-29 22:10:15
926,926,5,59,PF,2018-05-03 15:18:00,58479,00,53607,00,2022-12-27 06:03:23
927,927,1,83,PF,2011-08-15 14:48:00,34239,00,33034,00,2013-02-06 13:38:57
928,928,7,64,PF,2022-12-16 10:46:00,1453,00,1108,00,2023-01-08 18:51:04
929,929,7,84,PF,2019-02-27 13:07:00,34456,00,32992,00,2022-11-13 05:06:34
930,930,2,56,PF,2018-04-03 11:06:00,16311,00,8241,00,2022-12-18 12:54:26
931,931,7,86,PF,2020-09-14 14:09:00,16674,00,16089,00,2022-12-30 00:00:00
932,932,6,87,PF,2015-06-21 12:06:00,11546,00,11282,00,2022-12-29 23:59:59
933,933,7,85,PF,2015-08-12 13:49:00,18663,00,17579,00,2017-10-10 15:46:46
934,934,4,73,PF,2017-08-25 16:02:00,4177,00,3450,00,2022-12-29 23:59:59
935,935,6,29,PF,2018-03-22 15:23:00,327,00,186,00,2022-12-30 00:00:00
936,936,7,64,PF,2017-03-27 16:43:00,95650,00,98589,00,2021-07-24 07:40:28
937,937,7,48,PF,2022-06-16 11:01:00,1659,00,1094,00,2022-12-29 23:59:59
938,938,1,83,PF,2016-12-12 12:27:00,167,00,116,00,2022-12-29 23:59:59
939,939,5,50,PF,2022-12-13 13:16:00,822,00,809,00,2022-12-30 00:00:00
940,940,4,73,PF,2016-10-25 11:53:00,7979,00,8178,00,2022-12-29 23:55:32
941,941,7,26,PF,2022-05-22 12:02:00,272,00,47,00,2022-12-30 00:00:00
942,942,7,84,PF,2015-10-24 15:54:00,48,00,292,00,2021-07-27 13:03:47
943,943,4,3,PF,2017-09-07 15:09:00,35595,00,32521,00,2022-12-30 00:00:00
944,944,7,84,PF,2020-05-09 11:42:00,18246,00,16570,00,2022-12-30 00:00:00
945,945,2,28,PF,2016-05-10 13:56:00,48981,00,49096,00,2022-12-03 14:04:20
946,946,7,26,PF,2016-03-05 10:07:00,379,00,239,00,2022-12-26 20:25:06
947,947,9,39,PF,2022-09-02 15:11:00,36730,00,37095,00,2022-12-30 00:00:00
948,948,7,84,PF,2016-09-25 15:39:00,22981,00,23251,00,2022-12-30 00:00:00
949,949,7,86,PF,2016-07-07 10:30:00,762,00,635,00,2021-12-26 08:41:06
950,950,8,51,PF,2020-10-23 14:33:00,184,00,67,00,2022-07-05 00:56:30
951,951,7,64,PF,2018-11-19 11:53:00,5283,00,1806,00,2021-05-05 19:10:09
952,952,7,20,PF,2019-12-04 12:14:00,1104,00,823,00,2022-12-21 04:27:09
953,953,1,14,PF,2015-06-11 15:05:00,1866,00,1827,00,2022-12-29 23:59:59
954,954,1,13,PF,2012-04-15 10:23:00,35545,00,34545,00,2020-03-22 02:59:42
955,955,1,13,PF,2020-03-28 14:02:00,79502,00,80952,00,2022-06-04 07:26:23
956,956,6,93,PF,2017-07-11 15:45:00,1352,00,842,00,2022-12-29 23:59:59
957,957,7,64,PF,2020-08-10 15:07:00,14387,00,13140,00,2022-12-30 00:00:00
958,958,6,29,PF,2018-10-09 15:05:00,10828,00,8596,00,2022-12-22 00:14:33
959,959,7,84,PF,2022-06-07 12:06:00,9579,00,10044,00,2022-12-29 23:59:59
960,960,3,98,PF,2014-07-05 13:14:00,78171,00,77835,00,2020-01-10 00:14:06
961,961,7,86,PF,2020-05-13 11:41:00,91464,00,91423,00,2022-12-29 23:59:59
962,962,7,86,PF,2022-07-19 15:11:00,15163,00,15247,00,2022-12-29 23:59:59
963,963,3,4,PF,2022-06-13 15:07:00,6909,00,6250,00,2022-12-29 23:59:59
964,964,7,84,PF,2021-06-24 14:15:00,938,00,17,00,2022-12-29 23:59:59
965,965,7,85,PF,2016-08-28 14:28:00,321,00,411,00,2022-12-30 00:00:00
966,966,3,45,PF,2013-11-05 15:33:00,15348,00,15243,00,2022-12-29 08:21:46
967,967,7,48,PF,2016-02-21 14:33:00,62645,00,61092,00,2021-05-01 18:32:58
968,968,7,26,PF,2018-02-01 16:14:00,170,00,96,00,2022-12-30 00:00:00
969,969,7,84,PF,2020-10-18 10:41:00,19705,00,19084,00,2022-12-30 00:00:00
970,970,4,61,PF,2021-01-07 15:42:00,34423,00,32777,00,2022-12-29 09:00:54
971,971,7,26,PF,2021-02-12 12:24:00,18364,00,16534,00,2022-12-30 00:00:00
972,972,2,69,PF,2010-08-10 15:41:00,18882,00,17130,00,2022-05-08 01:59:15
973,973,7,64,PF,2020-12-25 15:51:00,3776,00,3691,00,2022-12-30 00:00:00
974,974,4,73,PF,2014-07-18 15:15:00,1633,00,1166,00,2016-11-23 20:48:56
975,975,5,50,PF,2021-03-18 14:58:00,20,00,46,00,2022-12-30 00:00:00
976,976,7,85,PF,2015-09-16 15:49:00,68294,00,64946,00,2019-08-14 20:05:43
977,977,7,20,PF,2018-12-15 13:03:00,1129,00,1012,00,2022-08-11 05:32:58
978,978,7,86,PF,2022-03-07 14:38:00,15455,00,15291,00,2022-12-30 00:00:00
979,979,7,26,PF,2018-03-09 16:27:00,33568,00,30770,00,2022-10-19 19:23:43
980,980,5,9,PF,2022-07-27 11:26:00,5490,00,5758,00,2022-12-30 00:00:00
981,981,7,26,PF,2021-09-13 14:38:00,824,00,328,00,2022-12-29 23:59:59
982,982,7,26,PF,2019-11-25 11:04:00,92,00,29,00,2022-12-29 23:59:59
983,983,7,20,PF,2019-04-15 12:52:00,1415,00,1307,00,2022-12-30 00:00:00
984,984,7,26,PF,2016-12-15 12:04:00,9173,00,8208,00,2022-12-29 23:59:59
985,985,7,86,PF,2018-01-18 15:15:00,24814,00,22495,00,2021-06-26 00:54:13
986,986,7,84,PF,2016-01-23 12:45:00,3674,00,3468,00,2019-01-19 05:34:40
987,987,5,36,PF,2014-08-02 14:57:00,2148,00,2159,00,2016-08-29 01:18:41
988,988,4,32,PF,2021-02-22 14:02:00,2195,00,2052,00,2022-12-28 21:18:58
989,989,1,79,PF,2021-11-25 14:47:00,754,00,577,00,2022-12-29 23:59:55
990,990,2,57,PF,2020-01-23 16:28:00,6317,00,6536,00,2021-09-25 07:50:51
991,991,7,26,PF,2019-02-14 13:36:00,14,00,3,00,2022-12-29 23:57:35
992,992,7,64,PF,2020-02-13 12:01:00,2219,00,2138,00,2022-12-26 21:11:00
993,993,4,73,PF,2017-10-07 11:40:00,6775,00,6150,00,2021-11-17 01:08:31
994,994,7,64,PF,2015-12-02 12:23:00,19719,00,19764,00,2022-12-29 23:59:36
995,995,7,26,PF,2021-02-06 13:22:00,872,00,801,00,2022-12-30 00:00:00
996,996,7,26,PF,2017-02-20 14:29:00,37556,00,34524,00,2022-12-29 23:59:59
997,997,7,26,PF,2020-11-20 13:29:00,88,00,84,00,2022-12-29 23:59:59
998,998,2,96,PF,2013-11-07 13:05:00,12110,00,47398,00,2016-07-24 12:03:50
999,999,7,84,PF,2017-08-25 15:13:00,18697,00,18628,00,2022-12-29 23:59:59
