num_conta,cod_cliente,cod_agencia,cod_colaborador,tipo_conta,data_abertura,saldo_total,saldo_disponivel,data_ultimo_lancamento
53,53,1,7,PF,2011-05-24 15:30:00,2984,2814,2019-07-02 11:03:46
190,190,1,7,PF,2014-10-17 14:48:00,4262,4191,2021-03-25 12:00:15
191,191,1,7,PF,2013-03-23 14:14:00,3266,3080,2016-09-09 23:34:15
203,203,1,7,PF,2016-08-03 16:13:00,21241,19461,2022-12-28 07:58:24
254,254,1,7,PF,2012-10-24 13:48:00,13335,13197,2013-12-20 22:20:00
306,306,1,7,PF,2012-05-23 12:11:00,22997,21677,2016-10-05 03:14:36
472,472,1,7,PF,2022-08-07 12:08:00,4178,4183,2022-12-30 00:00:00
520,520,1,7,PF,2019-11-03 16:26:00,1809,1288,2022-12-29 23:59:59
739,739,1,7,PF,2014-02-26 12:20:00,45,616,2022-12-29 23:59:59
509,509,1,13,PF,2012-01-20 11:56:00,19159,19863,2016-06-09 22:25:04
688,688,1,13,PF,2017-12-05 11:03:00,61105,55917,2022-09-24 13:18:37
775,775,1,13,PF,2011-03-19 14:55:00,39008,35288,2021-06-25 14:12:03
920,920,1,13,PF,2021-01-22 13:48:00,2023,2511,2022-12-29 23:59:59
954,954,1,13,PF,2012-04-15 10:23:00,35545,34545,2020-03-22 02:59:42
955,955,1,13,PF,2020-03-28 14:02:00,79502,80952,2022-06-04 07:26:23
170,170,1,14,PF,2022-12-15 16:01:00,926,335,2023-01-11 09:04:20
218,218,1,14,PF,2019-10-01 16:05:00,180027,168407,2022-09-09 10:51:55
555,555,1,14,PF,2012-08-24 12:57:00,52691,54240,2019-04-01 21:41:58
741,741,1,14,PF,2012-03-03 14:17:00,91849,83480,2020-11-17 22:35:58
751,751,1,14,PF,2012-01-13 12:29:00,59,44,2022-07-17 17:25:28
953,953,1,14,PF,2015-06-11 15:05:00,1866,1827,2022-12-29 23:59:59
108,108,1,23,PF,2017-04-13 12:21:00,1171,812,2022-12-29 23:59:59
110,110,1,23,PF,2020-06-19 16:06:00,11059,10208,2022-12-30 00:00:00
242,242,1,23,PF,2010-05-06 14:03:00,165102,163409,2019-08-09 23:42:11
528,528,1,23,PF,2013-08-15 14:41:00,7243,7380,2018-09-04 03:56:17
844,844,1,23,PF,2022-09-19 12:48:00,20803,20373,2022-12-29 23:59:59
888,888,1,23,PF,2016-04-13 11:01:00,91067,87609,2021-05-22 22:18:09
171,171,1,24,PF,2022-03-04 16:24:00,68520,66507,2022-12-30 00:00:00
291,291,1,24,PF,2012-02-26 12:34:00,40641,41016,2022-12-08 08:47:13
481,481,1,24,PF,2020-04-14 16:19:00,86,74,2022-11-20 16:50:25
564,564,1,24,PF,2015-05-20 11:34:00,20584,19955,2017-07-18 11:54:24
584,584,1,24,PF,2014-11-07 11:59:00,1658,1592,2019-08-27 12:10:09
635,635,1,24,PF,2022-09-12 15:38:00,1534,1252,2022-12-30 00:00:00
116,116,1,30,PF,2014-10-17 13:19:00,20992,20458,2022-08-12 12:32:52
153,153,1,30,PF,2014-09-12 16:45:00,14581,14679,2019-05-05 14:56:38
176,176,1,30,PF,2019-04-20 14:06:00,14244,12934,2020-12-19 13:15:50
199,199,1,30,PF,2019-01-10 12:24:00,92338,94200,2022-12-29 23:37:56
207,207,1,30,PF,2022-06-24 16:07:00,13029,52,2022-12-30 00:00:00
275,275,1,30,PF,2020-05-02 12:18:00,51431,52418,2022-12-30 00:00:00
361,361,1,30,PF,2018-01-08 14:30:00,16828,17483,2022-09-28 23:25:00
701,701,1,30,PF,2013-02-24 10:46:00,53,37,2020-03-30 08:05:11
808,808,1,30,PF,2013-08-08 14:43:00,33978,32308,2022-04-21 18:11:48
910,910,1,30,PF,2011-11-03 16:42:00,38140,38894,2018-11-01 23:32:33
290,290,1,31,PF,2016-02-19 12:30:00,10809,8075,2022-12-29 23:59:59
451,451,1,31,PF,2011-08-25 11:33:00,14880,15408,2013-08-31 23:35:07
557,557,1,31,PF,2017-12-09 12:29:00,2841,2543,2022-12-29 23:56:57
617,617,1,31,PF,2016-02-17 11:37:00,28163,28107,2017-10-26 19:24:41
632,632,1,31,PF,2017-07-25 16:41:00,15022,14852,2022-12-29 23:59:59
740,740,1,31,PF,2019-11-12 12:14:00,788,697,2022-12-29 23:50:54
134,134,1,34,PF,2013-06-11 11:41:00,19285,19263,2017-06-15 07:46:25
410,410,1,34,PF,2019-04-22 13:24:00,2612,2608,2022-12-30 00:00:00
429,429,1,34,PF,2015-05-28 15:38:00,7184,5418,2022-12-30 00:00:00
496,496,1,34,PF,2020-02-27 12:50:00,18,78,2022-12-30 00:00:00
631,631,1,34,PF,2010-12-10 15:06:00,21223,22164,2014-05-25 15:37:54
878,878,1,34,PF,2012-05-16 14:13:00,32869,34449,2021-05-13 20:48:23
6,6,1,42,PF,2010-03-09 12:09:00,14236,13407,2016-10-02 22:42:28
620,620,1,42,PF,2010-06-21 16:42:00,29814,28876,2014-01-29 19:49:43
714,714,1,42,PF,2015-06-18 11:20:00,48216,43787,2020-07-12 04:06:16
877,877,1,42,PF,2013-02-11 11:31:00,125716,126887,2019-05-21 20:49:47
286,286,1,58,PF,2021-07-12 12:27:00,3985,2427,2022-12-29 23:52:25
559,559,1,58,PF,2011-02-05 14:40:00,31372,29533,2022-12-30 00:00:00
911,911,1,58,PF,2011-09-22 12:17:00,3545,3563,2022-12-29 23:59:59
40,40,1,62,PF,2015-04-14 14:50:00,461,164,2022-12-29 23:59:59
90,90,1,62,PF,2014-05-15 13:06:00,109727,99717,2015-12-25 21:14:30
93,93,1,62,PF,2021-10-27 11:09:00,354,270,2022-12-29 23:59:59
147,147,1,62,PF,2014-08-14 14:32:00,42405,41516,2015-11-13 17:37:41
486,486,1,62,PF,2015-04-23 13:18:00,197,155,2022-12-29 22:47:31
501,501,1,62,PF,2018-06-20 14:51:00,232815,211636,2022-12-30 00:00:00
670,670,1,62,PF,2022-10-25 14:11:00,42711,41331,2022-12-30 00:00:00
735,735,1,62,PF,2012-12-03 13:05:00,72474,67091,2021-04-25 23:19:48
805,805,1,62,PF,2011-05-08 14:35:00,4438,4510,2022-12-30 00:00:00
19,19,1,67,PF,2019-10-05 13:24:00,2615,2364,2022-12-29 23:59:59
106,106,1,67,PF,2010-08-14 15:55:00,68269,71851,2020-09-28 20:33:20
146,146,1,67,PF,2010-06-27 10:33:00,10975,11304,2014-03-23 07:15:00
154,154,1,67,PF,2013-10-14 11:46:00,81928,78745,2018-05-10 18:30:26
198,198,1,67,PF,2016-09-09 11:33:00,7893,7802,2022-12-29 22:42:22
200,200,1,67,PF,2015-05-17 10:24:00,3503,2941,2022-12-26 07:35:44
260,260,1,67,PF,2013-10-22 14:33:00,23435,22294,2022-06-06 17:43:44
347,347,1,67,PF,2011-02-03 16:40:00,83141,87482,2015-05-01 04:58:44
357,357,1,67,PF,2021-07-12 15:17:00,71,21,2022-12-30 00:00:00
497,497,1,67,PF,2021-10-25 16:18:00,44788,45546,2022-12-29 23:59:59
598,598,1,67,PF,2015-02-09 13:15:00,6940,6722,2022-12-30 00:00:00
715,715,1,67,PF,2018-12-20 16:17:00,27057,23267,2022-12-30 00:00:00
925,925,1,67,PF,2014-07-10 14:52:00,7854,7813,2022-12-29 22:10:15
68,68,1,72,PF,2019-08-11 11:02:00,66,54,2022-12-29 23:59:59
195,195,1,72,PF,2011-03-08 13:26:00,28846,27711,2015-04-03 11:22:27
280,280,1,72,PF,2017-04-20 14:07:00,14666,13614,2022-09-20 20:09:54
284,284,1,72,PF,2020-02-18 13:51:00,42994,43554,2022-12-29 22:10:49
604,604,1,72,PF,2022-03-20 16:32:00,66821,68837,2022-12-29 23:59:59
697,697,1,72,PF,2013-01-24 12:46:00,1323,1185,2016-09-14 12:33:25
831,831,1,72,PF,2016-01-22 11:28:00,32572,31390,2022-12-29 23:57:40
141,141,1,77,PF,2012-05-10 13:49:00,8239,8311,2015-02-25 00:30:47
208,208,1,77,PF,2013-05-12 13:48:00,99593,101572,2016-07-29 15:49:35
382,382,1,77,PF,2010-02-02 14:28:00,6992,6935,2017-02-22 12:18:12
431,431,1,77,PF,2013-11-20 11:12:00,31323,31597,2019-04-02 12:38:44
574,574,1,77,PF,2014-03-05 16:10:00,11612,10535,2022-07-03 23:00:19
684,684,1,77,PF,2020-03-14 11:55:00,14568,14689,2022-12-30 00:00:00
717,717,1,77,PF,2015-02-21 12:48:00,30082,29273,2020-02-21 02:00:45
892,892,1,77,PF,2015-08-05 12:19:00,8397,7660,2019-05-25 15:09:19
145,145,1,79,PF,2011-03-03 13:41:00,69766,65137,2020-10-03 14:06:51
152,152,1,79,PF,2017-07-01 14:56:00,68,16,2022-12-29 23:59:59
258,258,1,79,PF,2011-08-21 14:49:00,14823,14252,2022-05-06 12:23:37
293,293,1,79,PF,2018-10-14 12:48:00,34326,33578,2022-10-29 02:01:59
473,473,1,79,PF,2016-01-02 10:15:00,50851,49224,2020-10-04 09:33:03
567,567,1,79,PF,2011-05-16 10:17:00,31479,29103,2015-09-15 11:33:09
758,758,1,79,PF,2014-12-25 13:17:00,62228,56551,2019-09-19 03:25:22
875,875,1,79,PF,2015-01-18 15:07:00,33365,30866,2022-12-29 23:55:10
989,989,1,79,PF,2021-11-25 14:47:00,754,577,2022-12-29 23:59:55
119,119,1,83,PF,2020-01-14 10:20:00,27043,26165,2022-10-26 06:36:27
186,186,1,83,PF,2022-02-21 15:05:00,164,134,2022-12-30 00:00:00
231,231,1,83,PF,2012-06-25 11:43:00,52988,49969,2017-02-09 11:55:11
232,232,1,83,PF,2013-11-27 16:57:00,117243,110336,2020-07-24 08:10:00
243,243,1,83,PF,2017-04-01 14:23:00,15640,16447,2022-10-24 13:33:00
331,331,1,83,PF,2012-09-22 16:29:00,15569,15030,2022-12-29 23:59:59
602,602,1,83,PF,2018-10-24 13:07:00,10115,9667,2021-02-19 04:34:16
671,671,1,83,PF,2021-08-09 16:15:00,8075,7551,2022-12-30 00:00:00
804,804,1,83,PF,2011-12-06 13:00:00,58103,56919,2016-11-04 11:52:28
927,927,1,83,PF,2011-08-15 14:48:00,34239,33034,2013-02-06 13:38:57
938,938,1,83,PF,2016-12-12 12:27:00,167,116,2022-12-29 23:59:59
42,42,2,12,PF,2013-04-12 12:10:00,27615,27609,2022-01-19 04:26:03
185,185,2,12,PF,2011-03-23 14:06:00,403,393,2021-03-04 19:53:30
415,415,2,12,PF,2015-06-09 14:03:00,66837,64200,2022-12-30 00:00:00
504,504,2,12,PF,2015-04-22 14:18:00,45917,46241,2022-12-29 22:39:57
548,548,2,12,PF,2021-05-24 12:19:00,51462,47060,2022-12-29 23:59:59
23,23,2,15,PF,2012-12-06 10:38:00,19605,19299,2022-12-29 23:58:10
55,55,2,15,PF,2016-11-10 14:25:00,353,322,2022-12-30 00:00:00
85,85,2,15,PF,2010-10-04 13:19:00,55114,10769,2022-12-11 09:49:24
138,138,2,15,PF,2018-04-06 10:08:00,230,116,2022-12-29 23:59:59
188,188,2,15,PF,2022-11-12 14:02:00,10111,9159,2022-12-30 00:00:00
432,432,2,15,PF,2011-04-27 12:38:00,122319,115048,2022-12-29 23:59:59
455,455,2,15,PF,2017-08-24 10:26:00,1440,1268,2020-11-08 17:27:02
517,517,2,15,PF,2020-12-11 15:57:00,62271,64049,2022-12-29 23:59:59
545,545,2,15,PF,2019-12-16 10:22:00,20510,20524,2022-12-29 23:59:59
621,621,2,15,PF,2015-03-11 11:29:00,52509,52048,2022-10-12 01:15:42
762,762,2,15,PF,2022-09-15 14:36:00,28104,27974,2022-12-29 23:59:59
168,168,2,22,PF,2012-12-20 16:11:00,35959,37827,2022-07-06 14:23:09
456,456,2,22,PF,2014-02-12 15:54:00,25,12,2022-04-04 19:19:19
505,505,2,22,PF,2013-07-27 13:47:00,209128,191520,2022-10-19 20:01:15
566,566,2,22,PF,2013-11-11 12:53:00,5737,5160,2018-03-26 15:13:17
666,666,2,22,PF,2015-07-27 15:03:00,47389,48308,2020-02-25 11:30:30
750,750,2,22,PF,2012-05-05 11:32:00,3848,3727,2022-12-25 16:58:54
768,768,2,22,PF,2019-04-22 14:34:00,44919,42951,2022-12-29 23:55:59
14,14,2,28,PF,2014-08-26 14:14:00,3923,3491,2022-12-30 00:00:00
45,45,2,28,PF,2015-10-19 14:51:00,15400,13450,2021-06-10 00:38:31
221,221,2,28,PF,2016-08-16 13:42:00,2058,2677,2022-12-28 18:28:44
534,534,2,28,PF,2015-01-25 16:56:00,32217,33477,2022-12-29 22:53:27
799,799,2,28,PF,2021-05-24 11:29:00,128,7,2022-12-30 00:00:00
841,841,2,28,PF,2020-04-16 16:11:00,35333,36788,2022-12-28 23:54:25
896,896,2,28,PF,2018-06-19 14:13:00,36968,39530,2022-12-29 23:59:59
915,915,2,28,PF,2018-12-25 12:03:00,12410,12940,2022-10-01 08:38:58
945,945,2,28,PF,2016-05-10 13:56:00,48981,49096,2022-12-03 14:04:20
435,435,2,46,PF,2011-02-02 11:14:00,41480,40881,2019-06-30 20:38:23
616,616,2,46,PF,2017-08-04 10:47:00,16991,15969,2022-12-29 23:59:59
661,661,2,46,PF,2013-09-11 13:40:00,19,5,2022-12-29 23:59:56
664,664,2,46,PF,2017-11-12 15:21:00,17796,17333,2022-12-30 00:00:00
667,667,2,46,PF,2022-03-06 15:06:00,987,760,2022-12-30 00:00:00
766,766,2,46,PF,2014-09-07 13:15:00,271,334,2022-12-29 23:59:59
821,821,2,46,PF,2012-03-12 12:31:00,38099,37024,2016-02-26 14:02:42
36,36,2,56,PF,2012-02-17 15:58:00,41929,40313,2022-12-29 23:59:54
46,46,2,56,PF,2011-06-04 11:10:00,47538,151644,2016-09-08 06:26:30
277,277,2,56,PF,2013-06-09 12:38:00,1408,1263,2017-10-07 06:48:39
375,375,2,56,PF,2019-06-22 15:56:00,13593,12657,2022-12-29 23:59:59
495,495,2,56,PF,2015-07-02 11:07:00,29290,28153,2022-12-30 00:00:00
539,539,2,56,PF,2011-04-21 10:58:00,17405,16455,2015-09-25 11:33:15
744,744,2,56,PF,2012-03-21 11:46:00,4711,5493,2021-10-01 18:38:52
774,774,2,56,PF,2018-07-11 14:52:00,206361,196440,2022-12-29 23:56:56
903,903,2,56,PF,2020-08-16 11:05:00,83936,84439,2022-03-13 19:41:29
930,930,2,56,PF,2018-04-03 11:06:00,16311,8241,2022-12-18 12:54:26
62,62,2,57,PF,2010-12-02 12:14:00,6662,6390,2020-06-28 21:08:18
73,73,2,57,PF,2012-06-21 14:25:00,2612,2439,2017-05-21 09:14:01
94,94,2,57,PF,2011-09-09 15:00:00,34545,33166,2022-12-30 00:00:00
175,175,2,57,PF,2015-12-17 14:44:00,1931,1744,2018-05-18 21:30:15
333,333,2,57,PF,2019-12-03 13:34:00,398,263,2022-12-29 23:59:59
677,677,2,57,PF,2018-01-15 11:14:00,39346,38525,2022-07-12 17:02:07
760,760,2,57,PF,2013-04-27 10:08:00,20116,20875,2015-06-05 12:29:59
801,801,2,57,PF,2019-09-27 15:29:00,34040,34583,2022-12-29 23:59:59
905,905,2,57,PF,2013-03-04 12:38:00,18219,17267,2016-08-05 23:19:11
990,990,2,57,PF,2020-01-23 16:28:00,6317,6536,2021-09-25 07:50:51
26,26,2,63,PF,2012-08-12 16:34:00,10388,10032,2021-02-13 04:38:56
51,51,2,63,PF,2022-01-18 14:52:00,330,305,2022-12-29 23:59:59
140,140,2,63,PF,2015-02-10 13:47:00,140807,117253,2022-12-29 23:59:59
235,235,2,63,PF,2018-06-01 13:05:00,114315,109905,2021-09-09 05:16:59
383,383,2,63,PF,2017-01-24 13:00:00,38945,40234,2018-06-24 03:58:10
633,633,2,63,PF,2011-05-08 13:51:00,16,0,2018-08-30 03:58:32
4,4,2,65,PF,2017-04-06 12:28:00,184007,170283,2022-11-12 11:50:05
27,27,2,65,PF,2022-05-10 12:29:00,263,228,2022-12-30 00:00:00
95,95,2,65,PF,2021-09-22 15:00:00,176,253,2022-12-29 23:59:59
11,11,2,69,PF,2010-11-12 16:37:00,8749,8414,2022-12-29 23:59:56
177,177,2,69,PF,2022-10-15 16:31:00,12129,12439,2022-12-29 23:59:59
244,244,2,69,PF,2012-04-20 13:36:00,22751,22071,2022-12-24 02:19:53
251,251,2,69,PF,2013-07-11 14:28:00,8907,8346,2021-09-05 04:36:19
468,468,2,69,PF,2021-08-27 13:19:00,10007,10124,2022-12-30 00:00:00
533,533,2,69,PF,2021-08-09 12:39:00,26541,24783,2022-12-29 23:59:59
759,759,2,69,PF,2022-01-02 14:41:00,937,1702,2022-12-29 23:59:59
919,919,2,69,PF,2014-10-18 12:17:00,11549,11770,2018-09-03 14:38:01
972,972,2,69,PF,2010-08-10 15:41:00,18882,17130,2022-05-08 01:59:15
166,166,2,70,PF,2014-11-21 15:42:00,124745,122476,2021-01-20 11:41:39
222,222,2,70,PF,2014-05-11 10:03:00,10214,10068,2017-07-30 00:08:27
642,642,2,70,PF,2019-06-26 12:58:00,14609,14856,2022-12-29 23:59:59
655,655,2,70,PF,2016-02-11 14:22:00,74550,70325,2020-05-15 16:28:49
699,699,2,70,PF,2011-03-22 14:49:00,24351,22299,2022-12-29 23:59:59
700,700,2,70,PF,2017-12-06 16:13:00,24760,25235,2022-12-30 00:00:00
510,510,2,81,PF,2012-03-16 13:03:00,23050,20939,2022-12-29 23:59:59
640,640,2,81,PF,2020-06-11 14:58:00,151,61,2022-12-29 23:59:59
668,668,2,81,PF,2015-03-03 12:16:00,2967,918,2022-12-30 00:00:00
879,879,2,81,PF,2013-07-12 10:44:00,238990,231759,2019-09-11 05:47:27
891,891,2,81,PF,2012-02-20 13:42:00,5171,5112,2018-08-12 08:36:11
913,913,2,81,PF,2021-10-08 14:19:00,297,128,2022-12-30 00:00:00
75,75,2,96,PF,2011-06-12 13:50:00,43845,44058,2022-10-08 06:10:17
201,201,2,96,PF,2021-11-12 16:43:00,20524,19820,2022-12-30 00:00:00
323,323,2,96,PF,2015-06-14 16:51:00,3914,3800,2022-12-30 00:00:00
372,372,2,96,PF,2013-11-27 13:03:00,25957,24630,2019-10-25 08:58:32
425,425,2,96,PF,2021-01-22 13:13:00,773,29312,2022-12-29 23:59:59
547,547,2,96,PF,2013-04-04 15:11:00,24559,45922,2018-01-29 23:27:08
623,623,2,96,PF,2018-06-12 11:47:00,274,195,2021-11-04 05:58:29
659,659,2,96,PF,2011-09-22 14:33:00,43301,40067,2019-10-04 10:28:51
797,797,2,96,PF,2018-10-21 14:14:00,66,40,2022-12-30 00:00:00
826,826,2,96,PF,2017-07-16 10:31:00,3343,3376,2019-08-18 17:54:24
890,890,2,96,PF,2013-12-11 14:23:00,91,34,2022-09-19 07:33:48
998,998,2,96,PF,2013-11-07 13:05:00,12110,47398,2016-07-24 12:03:50
135,135,3,4,PF,2016-07-03 12:30:00,7367,7665,2020-11-27 11:01:16
189,189,3,4,PF,2021-09-16 11:47:00,3657,2875,2022-12-29 23:47:10
656,656,3,4,PF,2019-02-20 12:24:00,30350,30770,2021-05-18 04:02:16
814,814,3,4,PF,2014-09-09 14:55:00,20261,19025,2018-09-10 03:08:32
876,876,3,4,PF,2019-04-17 11:01:00,5137,5069,2022-12-29 23:59:59
895,895,3,4,PF,2022-08-15 11:35:00,3191,3020,2022-12-30 00:00:00
963,963,3,4,PF,2022-06-13 15:07:00,6909,6250,2022-12-29 23:59:59
70,70,3,27,PF,2021-02-18 15:23:00,108,28940,2022-12-30 00:00:00
229,229,3,27,PF,2013-01-20 11:26:00,15665,15511,2016-11-13 19:53:00
368,368,3,27,PF,2016-03-03 13:31:00,12017,12075,2022-12-29 23:59:59
376,376,3,27,PF,2012-04-07 15:08:00,11668,10745,2022-09-30 08:42:18
721,721,3,27,PF,2022-07-17 14:30:00,1729,1623,2022-12-29 23:59:59
845,845,3,27,PF,2020-12-16 15:14:00,904,477,2022-12-30 00:00:00
897,897,3,27,PF,2016-12-07 11:46:00,208,156,2022-12-29 23:59:59
21,21,3,37,PF,2016-07-10 12:29:00,7250,6957,2022-11-24 19:30:54
129,129,3,37,PF,2013-01-08 15:31:00,40602,38336,2020-04-09 07:00:43
212,212,3,37,PF,2021-04-09 15:40:00,26933,26472,2022-12-29 23:59:59
420,420,3,37,PF,2013-01-24 10:10:00,10852,11170,2017-05-22 20:51:50
608,608,3,37,PF,2014-09-20 11:49:00,28555,28544,2019-12-14 17:57:10
767,767,3,37,PF,2019-12-06 15:52:00,77102,74114,2022-12-18 14:40:10
850,850,3,37,PF,2013-07-22 14:42:00,117660,107914,2018-08-05 01:57:43
173,173,3,41,PF,2021-05-12 14:45:00,87,536,2022-12-29 23:59:59
525,525,3,41,PF,2012-05-03 13:10:00,22773,20567,2017-10-21 07:21:47
576,576,3,41,PF,2015-12-26 13:07:00,1618,1368,2021-04-12 00:08:06
582,582,3,41,PF,2013-02-21 11:58:00,36087,37148,2022-12-30 00:00:00
603,603,3,41,PF,2018-04-20 10:44:00,4323,4352,2022-12-29 15:20:07
689,689,3,41,PF,2014-04-15 11:08:00,37557,34398,2022-12-29 22:51:57
861,861,3,41,PF,2018-07-15 11:31:00,3621,3264,2022-09-26 16:33:15
104,104,3,45,PF,2018-01-04 12:09:00,10225,10009,2022-12-30 00:00:00
179,179,3,45,PF,2019-01-15 11:29:00,67454,66086,2022-12-29 23:59:59
364,364,3,45,PF,2013-09-07 14:06:00,19006,19977,2019-02-24 05:44:55
371,371,3,45,PF,2012-12-04 12:48:00,35852,32782,2022-12-29 23:58:41
535,535,3,45,PF,2014-09-06 13:52:00,35,24,2021-09-06 18:08:48
800,800,3,45,PF,2015-02-25 15:05:00,45523,46356,2022-12-30 00:00:00
840,840,3,45,PF,2013-02-05 11:08:00,18951,19926,2022-12-29 23:59:59
966,966,3,45,PF,2013-11-05 15:33:00,15348,15243,2022-12-29 08:21:46
71,71,3,47,PF,2013-12-14 13:59:00,16164,14842,2019-12-04 03:28:17
162,162,3,47,PF,2012-11-15 11:37:00,22674,22376,2016-11-24 10:37:37
238,238,3,47,PF,2019-03-08 16:08:00,786,783,2022-12-29 23:59:59
374,374,3,47,PF,2013-07-28 11:52:00,71434,69922,2021-03-04 21:21:16
430,430,3,47,PF,2013-08-16 11:02:00,1546,1451,2019-03-11 04:35:56
752,752,3,47,PF,2017-10-28 15:26:00,657,538,2022-12-29 23:59:59
778,778,3,47,PF,2018-12-21 14:46:00,4988,5373,2022-12-29 23:59:59
832,832,3,47,PF,2012-12-25 15:27:00,56012,51659,2019-09-23 22:31:07
863,863,3,47,PF,2015-11-26 12:41:00,118,56,2018-09-23 21:05:00
3,3,3,49,PF,2013-01-05 13:13:00,25244,24079,2022-08-14 20:51:30
155,155,3,49,PF,2013-08-22 13:27:00,57577,57526,2018-09-21 22:25:28
523,523,3,49,PF,2013-03-18 10:44:00,16025,14722,2015-06-04 18:42:29
765,765,3,49,PF,2019-05-27 12:48:00,291,200,2022-12-29 23:59:59
846,846,3,49,PF,2013-10-12 10:33:00,143847,130458,2022-12-30 00:00:00
881,881,3,49,PF,2019-12-23 15:28:00,5707,5466,2022-12-29 23:57:20
886,886,3,49,PF,2014-04-26 15:43:00,3586,3645,2019-03-02 04:00:38
909,909,3,74,PF,2019-01-04 13:26:00,64506,67700,2022-11-25 11:40:32
56,56,3,78,PF,2022-09-21 14:40:00,149048,139067,2022-12-29 23:59:59
269,269,3,78,PF,2013-01-05 13:51:00,15245,14424,2020-06-26 14:50:37
325,325,3,78,PF,2014-04-14 15:34:00,23586,24763,2017-06-18 05:59:33
480,480,3,78,PF,2012-12-09 11:58:00,104,11,2022-11-03 15:02:20
507,507,3,78,PF,2015-04-20 11:35:00,296,254,2021-09-24 11:34:05
599,599,3,78,PF,2020-01-11 14:52:00,161,139,2022-12-27 05:16:01
898,898,3,78,PF,2013-02-25 15:54:00,79839,79023,2018-03-09 02:47:00
914,914,3,78,PF,2017-11-11 11:08:00,675,650,2022-12-26 03:19:05
43,43,3,88,PF,2016-09-03 15:08:00,43388,39429,2022-12-29 23:59:59
80,80,3,88,PF,2015-04-23 15:08:00,28432,29329,2022-12-29 23:58:24
205,205,3,88,PF,2016-01-15 11:42:00,28440,26009,2022-08-23 17:11:54
373,373,3,88,PF,2013-07-19 15:18:00,47371,48268,2016-11-07 23:16:26
419,419,3,88,PF,2013-05-01 15:18:00,1444,1153,2022-12-30 00:00:00
115,115,3,98,PF,2013-01-16 15:15:00,6,82556,2016-08-14 00:37:46
193,193,3,98,PF,2014-06-24 14:39:00,9466,9226,2022-12-29 23:59:59
248,248,3,98,PF,2019-06-13 11:34:00,919,871,2022-08-07 17:26:08
298,298,3,98,PF,2012-04-21 15:53:00,106461,99486,2019-04-06 04:06:26
408,408,3,98,PF,2021-10-15 10:47:00,9193,8497,2022-12-30 00:00:00
416,416,3,98,PF,2022-12-18 13:37:00,35643,34907,2023-01-01 20:22:28
592,592,3,98,PF,2014-10-28 14:46:00,493,427,2022-12-06 18:19:31
866,866,3,98,PF,2019-06-22 13:36:00,4,624,2022-12-30 00:00:00
906,906,3,98,PF,2012-11-25 14:07:00,25095,25725,2022-12-29 23:59:59
960,960,3,98,PF,2014-07-05 13:14:00,78171,77835,2020-01-10 00:14:06
9,9,4,3,PF,2022-12-08 11:21:00,81101,75739,2022-12-30 16:23:13
39,39,4,3,PF,2022-04-25 15:35:00,12353,12760,2022-12-29 23:59:59
460,460,4,3,PF,2014-03-04 10:43:00,4130,2982,2022-12-24 04:32:38
571,571,4,3,PF,2018-01-18 14:36:00,469,316,2022-12-30 00:00:00
580,580,4,3,PF,2014-05-04 13:13:00,17823,17114,2022-12-29 23:59:59
727,727,4,3,PF,2020-08-10 12:55:00,2660,1976,2022-06-08 10:09:04
780,780,4,3,PF,2018-02-05 11:35:00,2476,2414,2022-02-20 07:42:18
813,813,4,3,PF,2020-08-28 11:27:00,410,202,2022-12-30 00:00:00
848,848,4,3,PF,2022-10-14 14:02:00,6,26,2022-12-29 23:59:59
924,924,4,3,PF,2021-10-20 15:55:00,26185,23748,2022-12-29 23:59:14
943,943,4,3,PF,2017-09-07 15:09:00,35595,32521,2022-12-30 00:00:00
5,5,4,32,PF,2015-01-14 11:53:00,137649,120169,2018-07-24 03:18:52
49,49,4,32,PF,2021-05-05 12:58:00,349,97,2022-12-29 23:59:59
148,148,4,32,PF,2016-02-22 11:31:00,6451,5824,2022-12-28 19:44:36
187,187,4,32,PF,2022-03-08 15:48:00,8302,7893,2022-12-29 23:59:59
250,250,4,32,PF,2018-12-08 13:43:00,8020,9242,2022-12-29 23:59:59
279,279,4,32,PF,2018-04-09 11:15:00,21046,21497,2022-12-29 23:59:59
356,356,4,32,PF,2014-01-13 11:30:00,44776,40667,2022-06-01 14:56:38
444,444,4,32,PF,2022-11-20 16:56:00,3825,3737,2022-12-30 00:00:00
467,467,4,32,PF,2018-02-26 12:52:00,32232,32091,2022-12-29 23:59:59
615,615,4,32,PF,2021-06-11 16:02:00,98888,90717,2022-12-30 00:00:00
638,638,4,32,PF,2018-07-05 11:41:00,314,19,2022-12-29 23:59:59
705,705,4,32,PF,2015-07-24 13:19:00,7272,7395,2019-05-21 05:28:33
749,749,4,32,PF,2018-08-23 12:31:00,45291,43485,2021-05-18 15:03:23
781,781,4,32,PF,2014-09-23 11:27:00,337,78,2022-07-26 15:01:24
828,828,4,32,PF,2021-12-25 12:52:00,10753,10954,2022-12-30 00:00:00
830,830,4,32,PF,2018-01-11 14:07:00,20823,19957,2022-12-29 16:43:16
834,834,4,32,PF,2015-03-25 14:02:00,241,179,2018-08-31 03:04:19
923,923,4,32,PF,2021-05-05 13:11:00,21432,21785,2022-12-29 23:59:59
988,988,4,32,PF,2021-02-22 14:02:00,2195,2052,2022-12-28 21:18:58
57,57,4,61,PF,2017-05-04 16:51:00,698,619,2022-12-29 23:58:01
60,60,4,61,PF,2017-11-28 14:52:00,3646,3704,2022-02-17 17:18:46
161,161,4,61,PF,2015-08-17 15:19:00,7354,6742,2021-10-24 13:08:04
230,230,4,61,PF,2020-12-22 16:37:00,8796,8269,2022-12-30 00:00:00
252,252,4,61,PF,2019-07-18 12:56:00,269,237,2021-06-17 13:59:18
322,322,4,61,PF,2014-06-27 15:40:00,48224,48608,2019-02-24 23:20:51
350,350,4,61,PF,2018-11-15 15:42:00,65716,66372,2022-12-30 00:00:00
541,541,4,61,PF,2019-04-25 13:04:00,80038,82151,2022-12-29 18:39:24
568,568,4,61,PF,2020-08-22 15:21:00,78357,74084,2022-12-29 23:59:59
575,575,4,61,PF,2015-07-27 11:15:00,80964,79474,2022-06-23 07:35:02
852,852,4,61,PF,2015-07-01 16:05:00,41988,42369,2016-09-28 15:36:43
970,970,4,61,PF,2021-01-07 15:42:00,34423,32777,2022-12-29 09:00:54
164,164,4,73,PF,2014-09-08 12:52:00,6258,6164,2020-05-21 03:00:44
233,233,4,73,PF,2014-12-02 14:14:00,30,9,2019-04-09 01:26:15
259,259,4,73,PF,2019-10-12 12:17:00,143,102,2022-12-29 23:59:59
304,304,4,73,PF,2019-07-04 11:12:00,47188,44492,2021-03-07 13:57:27
346,346,4,73,PF,2019-03-02 11:07:00,72228,66842,2022-06-21 22:38:31
363,363,4,73,PF,2022-05-03 11:19:00,5784,4613,2022-12-29 23:59:59
366,366,4,73,PF,2014-06-06 15:19:00,18102,18358,2022-12-29 23:59:59
390,390,4,73,PF,2018-08-17 15:11:00,245,301,2022-12-20 16:53:47
448,448,4,73,PF,2019-12-18 13:11:00,108585,108046,2022-12-30 00:00:00
515,515,4,73,PF,2014-04-17 15:32:00,127,101,2022-12-30 00:00:00
614,614,4,73,PF,2014-04-16 13:23:00,17250,17057,2018-10-11 13:45:20
624,624,4,73,PF,2015-08-03 16:55:00,6263,5759,2022-04-09 16:15:28
703,703,4,73,PF,2015-03-04 13:12:00,13916,14255,2020-04-08 17:50:08
723,723,4,73,PF,2013-12-02 14:38:00,29617,27618,2019-08-17 03:45:19
753,753,4,73,PF,2017-07-04 15:05:00,13400,13211,2022-09-08 08:44:46
776,776,4,73,PF,2021-03-14 15:58:00,117,76,2022-12-29 23:59:59
798,798,4,73,PF,2015-11-21 10:49:00,539,509,2022-12-29 23:56:27
838,838,4,73,PF,2013-11-15 16:17:00,20058,19265,2021-05-08 07:11:47
899,899,4,73,PF,2021-10-17 13:00:00,8539,8294,2022-12-29 23:59:59
934,934,4,73,PF,2017-08-25 16:02:00,4177,3450,2022-12-29 23:59:59
940,940,4,73,PF,2016-10-25 11:53:00,7979,8178,2022-12-29 23:55:32
974,974,4,73,PF,2014-07-18 15:15:00,1633,1166,2016-11-23 20:48:56
993,993,4,73,PF,2017-10-07 11:40:00,6775,6150,2021-11-17 01:08:31
102,102,5,5,PF,2015-02-28 16:28:00,15506,14875,2022-12-29 23:59:59
158,158,5,5,PF,2018-10-22 15:47:00,102,60,2022-02-07 05:58:52
312,312,5,5,PF,2022-07-12 16:34:00,2990,2843,2022-12-29 23:59:59
532,532,5,5,PF,2021-07-13 14:56:00,49694,49628,2022-12-30 00:00:00
747,747,5,5,PF,2022-11-18 14:04:00,505,507,2022-12-29 23:59:59
180,180,5,9,PF,2022-07-21 12:36:00,3046,3004,2022-12-29 23:59:59
215,215,5,9,PF,2020-04-10 14:14:00,45569,44209,2022-12-29 23:59:59
413,413,5,9,PF,2014-05-20 11:41:00,12999,13377,2022-12-29 23:10:57
600,600,5,9,PF,2021-01-10 15:35:00,2724,2350,2022-12-29 23:59:59
980,980,5,9,PF,2022-07-27 11:26:00,5490,5758,2022-12-30 00:00:00
1,1,5,10,PF,2014-07-08 16:25:00,22473,22538,2022-11-08 13:22:46
223,223,5,10,PF,2022-12-17 16:43:00,30,12,2022-12-29 23:59:59
476,476,5,10,PF,2018-05-26 15:11:00,37413,34814,2021-02-23 06:10:46
630,630,5,10,PF,2014-07-02 12:56:00,799,698,2022-12-03 10:49:57
833,833,5,10,PF,2014-07-17 12:29:00,16409,15424,2021-03-23 03:37:51
157,157,5,21,PF,2017-08-20 12:13:00,183979,172773,2022-12-27 08:19:50
326,326,5,21,PF,2018-01-27 14:50:00,35921,1284,2022-09-02 11:18:09
447,447,5,21,PF,2022-03-08 15:28:00,453,396,2022-12-29 23:59:59
514,514,5,21,PF,2021-01-20 11:35:00,12237,11325,2022-12-29 23:59:59
196,196,5,36,PF,2014-06-05 12:16:00,34585,35985,2021-04-27 14:55:59
343,343,5,36,PF,2021-09-20 12:12:00,25938,24644,2022-12-30 00:00:00
692,692,5,36,PF,2014-07-11 12:48:00,34962,32166,2022-12-30 00:00:00
987,987,5,36,PF,2014-08-02 14:57:00,2148,2159,2016-08-29 01:18:41
328,328,5,43,PF,2017-03-04 13:03:00,36948,33788,2019-05-02 05:36:42
562,562,5,43,PF,2021-07-16 16:50:00,1973,1811,2022-12-29 23:59:59
653,653,5,43,PF,2016-06-16 14:20:00,94097,86317,2022-12-29 23:59:59
817,817,5,43,PF,2021-11-25 15:41:00,41127,41896,2022-12-29 23:59:59
309,309,5,50,PF,2015-07-15 11:21:00,14816,15334,2022-12-29 23:36:48
516,516,5,50,PF,2019-09-19 15:25:00,335,349,2022-12-30 00:00:00
613,613,5,50,PF,2017-10-24 13:13:00,18773,18763,2022-05-13 03:12:29
810,810,5,50,PF,2017-07-07 15:17:00,635,918,2022-12-29 23:59:49
939,939,5,50,PF,2022-12-13 13:16:00,822,809,2022-12-30 00:00:00
975,975,5,50,PF,2021-03-18 14:58:00,20,46,2022-12-30 00:00:00
192,192,5,52,PF,2015-09-27 11:21:00,92644,96197,2022-12-30 00:00:00
450,450,5,52,PF,2019-04-01 12:40:00,18485,17763,2022-11-30 19:32:43
611,611,5,52,PF,2019-08-06 14:42:00,35913,33542,2022-12-29 14:27:05
725,725,5,52,PF,2020-01-11 14:13:00,116,20,2022-12-29 23:59:59
651,651,5,55,PF,2016-07-14 12:22:00,43605,44909,2021-08-23 12:42:40
779,779,5,55,PF,2014-04-15 11:46:00,3915,4232,2021-03-27 08:36:14
837,837,5,55,PF,2014-03-18 10:30:00,18181,16654,2020-05-26 22:47:20
327,327,5,59,PF,2021-10-08 11:35:00,12913,12434,2022-12-29 23:59:59
388,388,5,59,PF,2017-02-14 12:43:00,14348,13919,2022-12-24 14:10:53
462,462,5,59,PF,2016-11-19 13:53:00,400,340,2019-12-29 08:22:09
485,485,5,59,PF,2017-09-23 11:16:00,21129,19292,2022-07-07 06:04:30
786,786,5,59,PF,2019-01-21 14:29:00,25708,24386,2022-12-30 00:00:00
790,790,5,59,PF,2014-07-03 16:49:00,8696,8079,2021-09-20 23:50:12
862,862,5,59,PF,2017-11-07 11:35:00,57375,54060,2022-12-25 14:04:09
926,926,5,59,PF,2018-05-03 15:18:00,58479,53607,2022-12-27 06:03:23
370,370,5,60,PF,2022-07-08 13:14:00,370,308,2022-12-29 23:59:59
484,484,5,60,PF,2021-07-01 12:51:00,158638,148919,2022-12-29 23:59:59
676,676,5,60,PF,2016-04-25 15:44:00,7591,6859,2018-10-13 12:34:22
820,820,5,60,PF,2017-05-04 12:48:00,4803,4043,2022-12-29 23:59:59
237,237,5,76,PF,2021-07-28 11:45:00,230,197,2022-12-29 23:59:59
340,340,5,76,PF,2022-02-15 12:44:00,68771,65285,2022-12-29 23:59:59
29,29,5,92,PF,2015-07-27 11:08:00,33,26,2022-12-30 00:00:00
72,72,5,92,PF,2019-04-07 15:08:00,27508,24529,2022-12-29 23:59:59
76,76,5,92,PF,2015-11-06 15:36:00,330,294,2022-12-29 23:59:59
127,127,5,92,PF,2014-04-15 10:06:00,111063,109931,2017-12-18 21:50:39
234,234,5,92,PF,2021-03-08 13:43:00,2649,2269,2022-12-30 00:00:00
387,387,5,92,PF,2014-02-08 13:28:00,47010,43828,2022-12-30 00:00:00
597,597,5,92,PF,2019-06-19 12:21:00,106127,108338,2022-12-29 23:59:59
405,405,6,2,PF,2021-11-17 15:03:00,429,275,2022-12-30 00:00:00
440,440,6,2,PF,2022-03-02 11:10:00,1333,1062,2022-12-29 23:59:59
612,612,6,2,PF,2017-02-05 12:35:00,12974,13553,2022-12-29 23:59:59
870,870,6,2,PF,2017-12-20 11:12:00,51333,48084,2022-12-13 18:36:48
2,2,6,16,PF,2020-03-27 13:05:00,59,12,2022-12-30 00:00:00
33,33,6,16,PF,2016-11-10 13:52:00,11565,10887,2022-12-30 00:00:00
64,64,6,16,PF,2016-04-18 15:57:00,6246,6501,2022-02-07 08:57:18
427,427,6,16,PF,2019-02-18 14:37:00,8085,7760,2022-03-04 15:00:08
641,641,6,16,PF,2019-12-07 13:32:00,1,744,2022-12-29 23:59:59
856,856,6,16,PF,2015-06-24 15:02:00,11790,10831,2022-12-29 23:40:08
889,889,6,16,PF,2022-11-20 14:49:00,828,786,2022-12-30 00:00:00
24,24,6,17,PF,2018-06-10 11:18:00,35486,34541,2022-12-30 00:00:00
172,172,6,17,PF,2020-06-20 15:24:00,24099,24708,2022-12-29 23:54:14
332,332,6,17,PF,2020-09-10 11:54:00,85186,83239,2022-12-30 00:00:00
578,578,6,17,PF,2021-02-03 14:52:00,19177,18603,2022-12-30 00:00:00
819,819,6,17,PF,2022-08-02 11:24:00,54632,56789,2022-12-30 00:00:00
163,163,6,29,PF,2020-07-26 14:45:00,16598,15220,2022-12-29 23:59:59
169,169,6,29,PF,2015-07-01 13:19:00,25114,25729,2022-10-24 05:07:23
365,365,6,29,PF,2020-03-11 13:52:00,341020,333783,2022-12-29 13:45:03
449,449,6,29,PF,2017-11-10 12:04:00,532,438,2022-12-29 23:59:59
706,706,6,29,PF,2019-01-10 15:36:00,1624,1231,2022-12-30 00:00:00
935,935,6,29,PF,2018-03-22 15:23:00,327,186,2022-12-30 00:00:00
958,958,6,29,PF,2018-10-09 15:05:00,10828,8596,2022-12-22 00:14:33
763,763,6,44,PF,2016-10-19 14:58:00,2213,2061,2022-12-27 22:47:18
107,107,6,53,PF,2020-04-19 12:09:00,273,160,2022-09-08 22:01:13
211,211,6,53,PF,2021-03-10 12:41:00,40789,41996,2022-12-30 00:00:00
518,518,6,53,PF,2015-10-03 14:31:00,9879,9275,2022-12-29 23:59:50
785,785,6,53,PF,2021-03-15 15:01:00,666,524,2022-12-30 00:00:00
48,48,6,54,PF,2019-03-09 16:19:00,2545,2366,2022-12-29 23:59:59
452,452,6,54,PF,2020-07-18 11:22:00,159474,146962,2022-12-29 23:59:59
643,643,6,54,PF,2022-03-26 10:46:00,32,37,2022-12-29 23:59:59
381,381,6,66,PF,2016-10-21 15:50:00,14217,12694,2022-12-05 19:35:29
513,513,6,66,PF,2021-07-01 11:43:00,13393,13010,2022-12-30 00:00:00
742,742,6,66,PF,2019-05-17 15:36:00,1612,1498,2022-11-30 22:26:57
206,206,6,87,PF,2018-01-05 16:28:00,19807,19957,2022-06-29 23:00:58
217,217,6,87,PF,2018-09-05 14:44:00,1918,1807,2022-12-30 00:00:00
316,316,6,87,PF,2018-01-23 15:29:00,29712,30107,2022-12-29 23:59:59
377,377,6,87,PF,2016-12-15 15:58:00,16675,15678,2022-12-29 23:59:59
610,610,6,87,PF,2020-11-01 14:28:00,1658,1592,2022-12-29 23:59:59
733,733,6,87,PF,2020-09-26 10:37:00,340,253,2022-06-01 14:56:47
932,932,6,87,PF,2015-06-21 12:06:00,11546,11282,2022-12-29 23:59:59
249,249,6,93,PF,2019-01-10 14:25:00,715,659,2022-12-16 21:22:34
386,386,6,93,PF,2018-11-03 12:58:00,39716,36353,2020-12-29 13:32:54
590,590,6,93,PF,2018-10-09 11:33:00,33128,29602,2022-12-29 23:59:59
720,720,6,93,PF,2021-03-23 10:56:00,4125,3729,2022-12-29 23:59:59
871,871,6,93,PF,2022-08-22 14:00:00,93,31,2022-12-29 23:59:59
956,956,6,93,PF,2017-07-11 15:45:00,1352,842,2022-12-29 23:59:59
35,35,6,97,PF,2015-09-11 12:06:00,47696,44817,2022-09-03 01:15:46
109,109,6,97,PF,2022-03-16 13:53:00,35,21,2022-12-30 00:00:00
255,255,6,97,PF,2022-10-10 10:25:00,9955,9653,2022-12-30 00:00:00
320,320,6,97,PF,2017-08-26 13:14:00,37,19,2022-12-30 00:00:00
540,540,6,97,PF,2018-12-07 16:22:00,19180,18481,2021-08-19 04:14:57
15,15,7,20,PF,2022-09-11 15:51:00,2647,3218,2022-12-30 00:00:00
16,16,7,20,PF,2018-04-20 12:01:00,2065,2132,2022-12-29 23:35:48
17,17,7,20,PF,2020-03-12 12:51:00,326,237,2022-12-29 23:59:59
22,22,7,20,PF,2020-11-14 11:11:00,161,103,2022-12-30 00:00:00
31,31,7,20,PF,2016-09-25 14:39:00,21553,20280,2022-05-07 22:35:02
52,52,7,20,PF,2022-08-14 15:20:00,22026,17655,2022-12-29 23:59:59
59,59,7,20,PF,2017-03-10 12:19:00,796,764,2022-10-11 12:56:13
61,61,7,20,PF,2015-11-19 15:34:00,361,241,2022-12-29 23:30:58
74,74,7,20,PF,2016-07-26 10:37:00,125,47,2022-12-29 10:20:39
84,84,7,20,PF,2021-05-18 13:34:00,36568,33313,2022-12-28 18:00:21
92,92,7,20,PF,2017-02-03 15:31:00,4,96,2019-07-30 03:31:10
112,112,7,20,PF,2021-07-11 12:15:00,43416,42606,2022-12-30 00:00:00
114,114,7,20,PF,2022-11-11 11:04:00,3760,17418,2022-12-30 00:00:00
131,131,7,20,PF,2022-03-07 10:12:00,36,822,2022-12-29 23:59:59
160,160,7,20,PF,2019-11-02 16:31:00,723,702,2022-12-30 00:00:00
210,210,7,20,PF,2018-11-15 14:36:00,97,67,2022-12-29 19:24:01
220,220,7,20,PF,2017-08-17 11:51:00,400725,377919,2022-05-11 15:01:12
227,227,7,20,PF,2022-12-27 13:30:00,9071,8827,2022-12-30 00:00:00
239,239,7,20,PF,2017-02-25 16:31:00,20825,21003,2022-09-25 01:03:58
241,241,7,20,PF,2021-02-26 12:19:00,7555,6136,2022-12-29 23:59:59
265,265,7,20,PF,2019-06-05 11:17:00,36319,34565,2022-12-29 23:50:17
266,266,7,20,PF,2016-09-15 11:01:00,25309,23006,2021-10-10 12:19:52
270,270,7,20,PF,2019-09-05 16:38:00,22222,21620,2022-12-30 00:00:00
285,285,7,20,PF,2017-08-06 13:36:00,13532,12467,2022-12-30 00:00:00
295,295,7,20,PF,2017-07-13 13:27:00,11694,11614,2022-12-24 17:23:35
299,299,7,20,PF,2022-05-02 12:39:00,47,2,2022-12-30 00:00:00
300,300,7,20,PF,2021-06-24 15:39:00,368,354,2022-12-29 23:59:59
339,339,7,20,PF,2019-10-13 15:10:00,24710,22194,2022-12-29 23:59:59
351,351,7,20,PF,2020-08-19 16:52:00,404,253,2022-12-29 23:59:59
353,353,7,20,PF,2021-10-19 12:13:00,10744,10071,2022-12-29 23:59:59
354,354,7,20,PF,2020-02-24 15:41:00,26258,24081,2022-12-29 23:59:59
358,358,7,20,PF,2019-03-15 15:56:00,38618,36812,2022-12-30 00:00:00
362,362,7,20,PF,2019-11-09 10:52:00,53389,51760,2022-12-30 00:00:00
393,393,7,20,PF,2022-10-27 16:27:00,14967,13695,2022-12-30 00:00:00
394,394,7,20,PF,2016-12-21 13:31:00,25574,25979,2022-09-04 14:21:39
399,399,7,20,PF,2018-09-23 16:32:00,30431,28423,2022-12-30 00:00:00
402,402,7,20,PF,2021-07-15 12:44:00,57385,54610,2022-12-30 00:00:00
424,424,7,20,PF,2022-02-10 12:31:00,96353,88192,2022-12-29 23:59:59
434,434,7,20,PF,2021-08-02 15:38:00,324,945,2022-11-09 14:01:03
442,442,7,20,PF,2022-12-17 13:24:00,22957,20014,2023-01-15 15:57:23
446,446,7,20,PF,2015-10-08 13:35:00,4383,3850,2022-03-14 22:14:51
492,492,7,20,PF,2016-06-17 11:48:00,262,239,2022-12-30 00:00:00
499,499,7,20,PF,2022-11-07 11:37:00,135452,130201,2022-12-29 23:59:59
531,531,7,20,PF,2020-04-17 13:12:00,922,579,2022-12-10 10:44:24
544,544,7,20,PF,2018-09-08 12:35:00,83742,82074,2022-07-01 14:59:44
553,553,7,20,PF,2017-10-25 12:12:00,27282,26909,2022-12-29 23:04:30
586,586,7,20,PF,2021-04-18 11:35:00,85580,84678,2022-12-29 23:59:59
587,587,7,20,PF,2019-09-06 15:59:00,45734,21792,2022-12-29 23:59:59
596,596,7,20,PF,2022-08-06 13:27:00,766,689,2022-12-29 23:59:59
601,601,7,20,PF,2019-06-24 10:12:00,55381,50163,2022-12-29 23:59:58
626,626,7,20,PF,2022-07-25 10:12:00,27364,25670,2022-12-29 23:59:59
634,634,7,20,PF,2021-07-02 13:31:00,48,21,2022-12-30 00:00:00
662,662,7,20,PF,2022-12-15 12:50:00,25648,24995,2022-12-31 03:13:47
678,678,7,20,PF,2016-06-06 12:17:00,9935,9839,2021-12-12 12:27:17
679,679,7,20,PF,2019-01-08 15:11:00,8394,8519,2022-06-30 10:11:49
704,704,7,20,PF,2021-10-11 14:10:00,16362,15714,2022-12-29 23:38:42
712,712,7,20,PF,2019-06-16 12:47:00,34828,45918,2022-12-29 23:56:56
718,718,7,20,PF,2018-03-09 14:52:00,44328,40732,2022-12-25 21:35:51
730,730,7,20,PF,2019-05-02 11:22:00,29,16,2022-12-29 23:57:11
773,773,7,20,PF,2018-02-27 16:20:00,4140,3896,2021-01-08 03:42:17
789,789,7,20,PF,2021-09-04 14:30:00,1840,932,2022-12-30 00:00:00
829,829,7,20,PF,2020-04-16 10:33:00,256,106,2022-12-30 00:00:00
842,842,7,20,PF,2020-10-02 10:21:00,1193,1109,2022-12-30 00:00:00
868,868,7,20,PF,2022-12-02 13:06:00,443,407,2022-12-30 00:00:00
887,887,7,20,PF,2021-02-27 11:43:00,17067,15458,2022-12-30 00:00:00
900,900,7,20,PF,2021-08-06 12:29:00,375,71,2022-12-30 00:00:00
952,952,7,20,PF,2019-12-04 12:14:00,1104,823,2022-12-21 04:27:09
977,977,7,20,PF,2018-12-15 13:03:00,1129,1012,2022-08-11 05:32:58
983,983,7,20,PF,2019-04-15 12:52:00,1415,1307,2022-12-30 00:00:00
28,28,7,26,PF,2017-04-03 16:11:00,52654,50324,2019-11-24 06:23:48
65,65,7,26,PF,2018-08-26 12:33:00,255,208,2022-06-24 07:04:11
67,67,7,26,PF,2018-05-14 13:27:00,3343,3092,2022-08-25 23:00:41
78,78,7,26,PF,2019-12-27 12:52:00,5572,5007,2022-12-30 00:00:00
81,81,7,26,PF,2021-04-03 13:18:00,4317,4035,2022-12-29 23:55:31
83,83,7,26,PF,2021-10-07 13:04:00,16,9550,2022-12-29 23:59:59
86,86,7,26,PF,2016-03-05 13:55:00,140,180,2022-12-29 23:59:59
113,113,7,26,PF,2020-01-07 14:29:00,647,30,2022-12-30 00:00:00
118,118,7,26,PF,2022-04-14 12:33:00,265,244,2022-12-29 23:59:59
144,144,7,26,PF,2022-04-06 14:46:00,347,885,2022-12-29 23:59:59
183,183,7,26,PF,2019-12-19 14:01:00,1028,2655,2022-05-30 00:01:16
224,224,7,26,PF,2019-09-20 12:30:00,91,32,2022-12-25 08:00:32
245,245,7,26,PF,2018-06-15 11:38:00,27657,26339,2022-12-29 23:59:59
246,246,7,26,PF,2019-05-23 15:55:00,73563,74061,2022-12-29 23:59:59
264,264,7,26,PF,2020-03-19 14:13:00,1065,946,2022-12-30 00:00:00
274,274,7,26,PF,2018-08-16 12:55:00,105741,101639,2022-12-30 00:00:00
276,276,7,26,PF,2021-02-03 11:25:00,10241,9370,2022-12-30 00:00:00
283,283,7,26,PF,2018-10-13 12:41:00,12870,12935,2020-02-17 20:36:45
301,301,7,26,PF,2015-10-20 13:23:00,23199,21653,2018-02-13 22:02:10
310,310,7,26,PF,2020-11-04 13:05:00,6616,6132,2022-12-29 23:59:59
317,317,7,26,PF,2020-08-17 14:35:00,5980,5950,2022-12-30 00:00:00
342,342,7,26,PF,2018-05-18 15:37:00,33695,33336,2022-12-27 21:36:43
360,360,7,26,PF,2021-08-15 11:39:00,22218,20525,2022-12-29 23:59:59
385,385,7,26,PF,2018-08-06 12:05:00,12044,13802,2022-12-27 11:30:13
411,411,7,26,PF,2022-03-10 10:33:00,165559,158495,2022-12-29 23:59:59
414,414,7,26,PF,2017-04-10 14:29:00,6141,5669,2020-11-10 03:12:37
417,417,7,26,PF,2022-10-17 13:56:00,11095,9982,2022-12-30 00:00:00
421,421,7,26,PF,2020-04-24 10:07:00,466,439,2022-01-16 13:03:01
433,433,7,26,PF,2021-12-16 11:19:00,815,63,2022-12-30 00:00:00
437,437,7,26,PF,2022-10-27 11:52:00,742,608,2022-12-29 23:59:59
457,457,7,26,PF,2017-04-14 11:13:00,3056,2809,2022-10-24 06:20:14
464,464,7,26,PF,2021-04-20 10:09:00,11680,10722,2022-12-29 23:59:59
477,477,7,26,PF,2022-08-20 14:19:00,1851,1311,2022-12-30 00:00:00
491,491,7,26,PF,2020-09-03 14:33:00,34816,36237,2022-12-29 23:59:59
498,498,7,26,PF,2015-08-25 14:46:00,5685,5739,2022-04-14 09:59:35
506,506,7,26,PF,2017-11-25 16:17:00,11257,11621,2022-12-28 21:37:30
521,521,7,26,PF,2022-09-13 13:05:00,248,146,2022-12-30 00:00:00
527,527,7,26,PF,2015-08-10 12:14:00,151338,142774,2022-05-07 10:06:41
529,529,7,26,PF,2020-03-23 15:22:00,31630,29764,2022-12-30 00:00:00
530,530,7,26,PF,2018-02-14 12:30:00,11555,11723,2020-10-08 18:48:41
550,550,7,26,PF,2017-06-25 15:12:00,102824,95089,2022-12-30 00:00:00
552,552,7,26,PF,2018-06-17 14:15:00,31,769,2022-12-29 23:59:59
573,573,7,26,PF,2021-05-11 15:05:00,830,498,2022-12-29 23:59:59
579,579,7,26,PF,2018-10-03 16:00:00,7337,6816,2022-08-12 08:56:55
581,581,7,26,PF,2017-07-06 11:09:00,8627,7873,2020-12-16 07:28:46
588,588,7,26,PF,2019-09-07 15:19:00,6797,6144,2022-12-30 00:00:00
622,622,7,26,PF,2018-01-24 14:45:00,2143,1912,2022-12-30 00:00:00
628,628,7,26,PF,2020-07-08 10:33:00,85151,84354,2022-12-30 00:00:00
636,636,7,26,PF,2016-12-26 15:16:00,7746,7061,2020-04-17 16:03:00
637,637,7,26,PF,2017-03-05 16:46:00,3806,3668,2021-07-18 20:15:52
646,646,7,26,PF,2018-08-15 15:30:00,45815,44858,2022-12-29 23:59:51
649,649,7,26,PF,2016-04-11 13:35:00,21961,22871,2021-11-14 03:58:03
650,650,7,26,PF,2022-07-12 13:16:00,7,684,2022-12-30 00:00:00
674,674,7,26,PF,2021-02-10 13:27:00,235,179,2022-12-29 23:59:59
680,680,7,26,PF,2016-08-07 12:18:00,55,39,2022-10-19 17:49:07
681,681,7,26,PF,2018-07-23 13:19:00,160415,90516,2022-12-30 00:00:00
690,690,7,26,PF,2022-02-27 14:01:00,27760,28603,2022-12-29 23:59:59
691,691,7,26,PF,2020-07-15 16:46:00,107912,101404,2022-05-08 08:59:54
716,716,7,26,PF,2019-05-02 16:21:00,427,228,2022-12-29 23:59:39
728,728,7,26,PF,2020-11-23 12:34:00,19557,20119,2022-12-29 23:59:59
737,737,7,26,PF,2021-01-28 14:26:00,901,2456,2022-12-29 23:59:59
761,761,7,26,PF,2016-06-07 15:04:00,9,1232,2022-12-30 00:00:00
771,771,7,26,PF,2020-01-16 12:55:00,92428,97788,2022-12-29 23:59:59
782,782,7,26,PF,2019-01-10 11:19:00,35279,32124,2022-02-19 07:16:19
783,783,7,26,PF,2015-09-21 11:35:00,41501,37538,2019-01-07 19:33:10
794,794,7,26,PF,2019-11-14 11:15:00,996,938,2022-12-29 23:56:29
807,807,7,26,PF,2022-07-28 16:18:00,50704,51891,2022-12-30 00:00:00
836,836,7,26,PF,2022-08-23 11:20:00,419,370,2022-12-30 00:00:00
849,849,7,26,PF,2021-06-05 11:43:00,5047,5126,2022-12-30 00:00:00
864,864,7,26,PF,2017-04-28 15:30:00,12665,13352,2022-01-05 17:26:55
902,902,7,26,PF,2018-03-17 15:41:00,1374,1311,2022-12-29 23:33:50
912,912,7,26,PF,2020-07-16 12:22:00,23870,24429,2022-12-29 23:59:59
941,941,7,26,PF,2022-05-22 12:02:00,272,47,2022-12-30 00:00:00
946,946,7,26,PF,2016-03-05 10:07:00,379,239,2022-12-26 20:25:06
968,968,7,26,PF,2018-02-01 16:14:00,170,96,2022-12-30 00:00:00
971,971,7,26,PF,2021-02-12 12:24:00,18364,16534,2022-12-30 00:00:00
979,979,7,26,PF,2018-03-09 16:27:00,33568,30770,2022-10-19 19:23:43
981,981,7,26,PF,2021-09-13 14:38:00,824,328,2022-12-29 23:59:59
982,982,7,26,PF,2019-11-25 11:04:00,92,29,2022-12-29 23:59:59
984,984,7,26,PF,2016-12-15 12:04:00,9173,8208,2022-12-29 23:59:59
991,991,7,26,PF,2019-02-14 13:36:00,14,3,2022-12-29 23:57:35
995,995,7,26,PF,2021-02-06 13:22:00,872,801,2022-12-30 00:00:00
996,996,7,26,PF,2017-02-20 14:29:00,37556,34524,2022-12-29 23:59:59
997,997,7,26,PF,2020-11-20 13:29:00,88,84,2022-12-29 23:59:59
8,8,7,48,PF,2021-08-13 11:07:00,1238,1054,2022-12-30 00:00:00
18,18,7,48,PF,2021-07-18 15:07:00,226548,217787,2022-12-30 00:00:00
54,54,7,48,PF,2017-09-08 12:55:00,30239,30255,2022-12-29 23:59:59
77,77,7,48,PF,2019-02-01 13:17:00,415,349,2022-12-29 18:22:35
87,87,7,48,PF,2020-07-08 14:09:00,35777,34063,2022-12-30 00:00:00
97,97,7,48,PF,2021-09-28 14:36:00,46143,46508,2022-12-30 00:00:00
105,105,7,48,PF,2018-11-27 15:02:00,34360,32440,2022-12-30 00:00:00
124,124,7,48,PF,2021-03-27 14:20:00,2933,2862,2022-12-30 00:00:00
130,130,7,48,PF,2019-11-15 10:31:00,487,729,2022-12-29 23:59:59
139,139,7,48,PF,2016-09-23 14:05:00,437,401,2022-10-31 06:36:34
143,143,7,48,PF,2020-04-19 13:29:00,2958,2772,2022-12-30 00:00:00
149,149,7,48,PF,2020-06-25 12:32:00,21311,19341,2022-12-29 23:59:59
178,178,7,48,PF,2020-07-17 16:24:00,24518,23767,2022-12-29 23:59:59
197,197,7,48,PF,2020-09-26 12:01:00,198787,181219,2022-12-29 23:59:59
202,202,7,48,PF,2016-04-22 11:19:00,19693,17714,2022-12-29 23:59:59
216,216,7,48,PF,2019-12-06 11:03:00,75578,74679,2022-12-30 00:00:00
226,226,7,48,PF,2017-01-14 11:27:00,30179,27655,2022-12-29 23:59:59
228,228,7,48,PF,2022-03-04 13:41:00,78851,82933,2022-12-29 23:59:59
271,271,7,48,PF,2020-12-02 12:41:00,72928,71467,2022-12-29 23:59:59
297,297,7,48,PF,2018-08-11 13:45:00,925,879,2020-03-20 05:25:01
307,307,7,48,PF,2017-02-10 16:42:00,95,72,2022-12-29 23:59:50
319,319,7,48,PF,2021-08-18 15:41:00,62237,64114,2022-12-29 23:59:59
341,341,7,48,PF,2016-04-12 12:25:00,9032,7595,2022-12-29 08:28:05
352,352,7,48,PF,2022-06-05 14:12:00,25597,24148,2022-12-29 23:59:59
380,380,7,48,PF,2015-10-25 15:27:00,28308,29778,2022-12-29 22:26:11
389,389,7,48,PF,2021-12-13 13:02:00,101,98,2022-12-29 23:59:59
398,398,7,48,PF,2022-02-16 14:30:00,87,71,2022-12-30 00:00:00
418,418,7,48,PF,2016-05-12 12:48:00,26645,27003,2021-03-23 08:48:36
422,422,7,48,PF,2022-11-27 13:46:00,188,101,2022-12-29 23:59:59
438,438,7,48,PF,2017-06-10 14:28:00,11894,10485,2022-11-27 10:34:00
459,459,7,48,PF,2019-11-05 10:33:00,124,74,2022-09-12 07:13:55
479,479,7,48,PF,2022-09-27 11:03:00,328,290,2022-12-30 00:00:00
487,487,7,48,PF,2019-07-08 15:16:00,32798,30920,2022-12-29 23:59:59
490,490,7,48,PF,2021-06-07 10:30:00,3991,3463,2022-12-29 23:59:59
500,500,7,48,PF,2016-11-20 13:28:00,11679,10787,2018-03-17 00:50:02
537,537,7,48,PF,2020-02-02 16:09:00,6522,6180,2022-12-29 23:59:19
543,543,7,48,PF,2017-07-05 15:58:00,4106,3765,2022-12-29 23:59:59
549,549,7,48,PF,2019-06-22 15:37:00,1106,609,2021-06-22 14:14:44
554,554,7,48,PF,2022-06-02 15:03:00,20,187,2022-12-29 23:59:59
577,577,7,48,PF,2016-03-15 16:07:00,17829,16712,2020-01-24 06:19:25
606,606,7,48,PF,2021-06-18 14:14:00,1239,1161,2022-12-29 23:59:59
625,625,7,48,PF,2021-01-09 11:36:00,10787,9793,2022-12-30 00:00:00
647,647,7,48,PF,2018-12-19 13:08:00,143,118,2021-11-07 20:51:03
685,685,7,48,PF,2021-02-27 15:29:00,56057,53350,2022-12-29 23:55:37
687,687,7,48,PF,2021-12-14 10:04:00,44954,42763,2022-12-29 23:59:59
698,698,7,48,PF,2018-08-14 15:16:00,52949,49952,2022-12-29 23:59:59
710,710,7,48,PF,2019-06-26 12:44:00,3706,3069,2022-09-27 22:56:46
732,732,7,48,PF,2018-07-26 14:07:00,26142,26741,2022-12-29 22:57:44
755,755,7,48,PF,2019-05-27 13:47:00,48347,45095,2022-12-29 23:59:59
756,756,7,48,PF,2021-01-16 12:06:00,11326,11697,2022-12-30 00:00:00
769,769,7,48,PF,2017-01-07 14:53:00,3666,3430,2022-08-29 02:51:43
787,787,7,48,PF,2017-10-10 12:04:00,109334,103374,2022-12-29 23:59:59
796,796,7,48,PF,2019-11-08 15:59:00,5281,5077,2022-11-30 08:27:05
802,802,7,48,PF,2015-11-05 11:08:00,32374,29643,2019-03-14 13:46:53
824,824,7,48,PF,2016-01-07 12:26:00,18454,19004,2017-05-11 03:33:48
839,839,7,48,PF,2017-01-02 12:37:00,14016,14495,2019-10-04 10:15:58
855,855,7,48,PF,2017-02-25 13:28:00,48777,44463,2022-12-29 23:59:59
880,880,7,48,PF,2017-06-06 14:49:00,20335,18485,2022-12-30 00:00:00
883,883,7,48,PF,2015-09-05 16:18:00,29382,28322,2017-05-01 11:52:54
937,937,7,48,PF,2022-06-16 11:01:00,1659,1094,2022-12-29 23:59:59
967,967,7,48,PF,2016-02-21 14:33:00,62645,61092,2021-05-01 18:32:58
37,37,7,64,PF,2022-07-03 16:07:00,352,328,2022-12-30 00:00:00
47,47,7,64,PF,2021-12-07 11:46:00,37349,35527,2022-12-29 23:59:59
82,82,7,64,PF,2019-07-03 13:17:00,2813,2530,2021-01-31 15:14:12
89,89,7,64,PF,2021-08-26 13:23:00,69758,71055,2022-12-29 23:59:59
103,103,7,64,PF,2018-05-25 13:51:00,38172,49975,2022-12-25 01:32:24
126,126,7,64,PF,2017-07-25 12:04:00,57292,52158,2022-05-19 21:41:47
142,142,7,64,PF,2021-10-04 15:56:00,229,370,2022-12-29 23:55:11
165,165,7,64,PF,2020-01-23 12:15:00,9170,8355,2022-12-30 00:00:00
167,167,7,64,PF,2021-08-21 14:10:00,132218,121260,2022-12-29 23:59:59
213,213,7,64,PF,2019-08-18 11:33:00,60366,55301,2022-12-30 00:00:00
225,225,7,64,PF,2020-08-18 14:58:00,419923,411617,2022-12-30 00:00:00
240,240,7,64,PF,2021-03-16 14:29:00,6642,6437,2022-12-29 23:59:59
261,261,7,64,PF,2015-09-20 12:35:00,40119,38945,2022-12-29 23:44:39
263,263,7,64,PF,2017-12-27 13:22:00,14228,14502,2022-12-30 00:00:00
267,267,7,64,PF,2022-09-12 11:33:00,15860,15184,2022-12-30 00:00:00
289,289,7,64,PF,2022-12-11 14:34:00,392,392,2022-12-29 23:59:59
292,292,7,64,PF,2015-10-10 12:03:00,134384,141742,2022-12-25 23:15:34
294,294,7,64,PF,2021-05-13 11:44:00,52858,53347,2022-12-30 00:00:00
302,302,7,64,PF,2017-01-10 13:05:00,47083,43163,2021-11-16 14:44:15
303,303,7,64,PF,2017-04-11 13:13:00,59,31,2021-04-10 22:33:27
315,315,7,64,PF,2022-12-19 14:37:00,15067,14528,2022-12-29 23:59:59
329,329,7,64,PF,2019-06-25 15:18:00,22775,18148,2022-12-30 00:00:00
379,379,7,64,PF,2021-02-21 13:18:00,1110,873,2022-12-29 23:59:59
412,412,7,64,PF,2020-12-01 14:13:00,299,233,2022-12-30 00:00:00
423,423,7,64,PF,2017-11-26 16:12:00,7737,7639,2022-11-13 00:07:27
441,441,7,64,PF,2019-06-05 16:33:00,23947,24571,2022-12-30 00:00:00
454,454,7,64,PF,2022-09-12 13:27:00,1612,1266,2022-12-29 23:59:59
461,461,7,64,PF,2021-03-12 15:04:00,472,285,2022-12-29 23:59:59
482,482,7,64,PF,2019-08-23 11:22:00,67872,67382,2022-12-26 18:18:07
538,538,7,64,PF,2022-11-25 11:24:00,2676,2429,2022-12-30 00:00:00
542,542,7,64,PF,2022-06-02 11:54:00,275,249,2022-12-30 00:00:00
546,546,7,64,PF,2019-12-14 16:56:00,134,83,2022-12-30 00:00:00
551,551,7,64,PF,2018-03-13 11:48:00,30963,28648,2022-12-26 11:10:19
558,558,7,64,PF,2021-08-23 12:15:00,359,148,2022-12-29 23:59:59
565,565,7,64,PF,2016-06-28 12:31:00,4723,4450,2022-12-29 23:59:59
570,570,7,64,PF,2021-12-14 10:13:00,1634,1530,2022-12-29 23:59:07
595,595,7,64,PF,2016-10-11 15:15:00,244085,251588,2019-07-28 15:05:07
657,657,7,64,PF,2020-03-06 13:40:00,76149,75325,2022-12-29 23:59:59
673,673,7,64,PF,2016-09-09 14:30:00,92837,86746,2022-08-19 17:46:19
686,686,7,64,PF,2021-05-26 10:49:00,9942,9726,2022-12-29 23:59:59
702,702,7,64,PF,2017-05-25 15:10:00,26386,26892,2022-12-29 23:42:02
709,709,7,64,PF,2018-09-07 11:13:00,111450,107095,2022-12-28 04:19:32
722,722,7,64,PF,2018-05-16 13:22:00,13669,13064,2022-12-29 23:59:59
738,738,7,64,PF,2018-12-19 16:10:00,17755,16268,2022-12-30 00:00:00
746,746,7,64,PF,2021-08-27 15:36:00,6437,6676,2022-12-29 23:57:27
754,754,7,64,PF,2022-12-15 14:27:00,1251,810,2022-12-29 23:59:59
757,757,7,64,PF,2016-12-10 15:46:00,7591,7573,2022-12-30 00:00:00
792,792,7,64,PF,2018-12-08 12:54:00,40346,38036,2022-12-29 23:59:59
818,818,7,64,PF,2021-05-08 12:31:00,40853,41083,2022-12-29 23:37:02
851,851,7,64,PF,2022-05-02 10:45:00,182,152,2022-12-29 23:59:59
857,857,7,64,PF,2017-05-14 14:29:00,1985,1836,2022-12-29 23:35:39
865,865,7,64,PF,2019-05-06 10:03:00,11394,11738,2022-12-29 23:59:59
873,873,7,64,PF,2021-05-25 15:15:00,179,171,2022-12-30 00:00:00
874,874,7,64,PF,2021-11-20 10:46:00,187,67,2022-12-29 23:59:59
917,917,7,64,PF,2016-05-18 11:07:00,2074,1890,2022-12-30 00:00:00
928,928,7,64,PF,2022-12-16 10:46:00,1453,1108,2023-01-08 18:51:04
936,936,7,64,PF,2017-03-27 16:43:00,95650,98589,2021-07-24 07:40:28
951,951,7,64,PF,2018-11-19 11:53:00,5283,1806,2021-05-05 19:10:09
957,957,7,64,PF,2020-08-10 15:07:00,14387,13140,2022-12-30 00:00:00
973,973,7,64,PF,2020-12-25 15:51:00,3776,3691,2022-12-30 00:00:00
992,992,7,64,PF,2020-02-13 12:01:00,2219,2138,2022-12-26 21:11:00
994,994,7,64,PF,2015-12-02 12:23:00,19719,19764,2022-12-29 23:59:36
7,7,7,84,PF,2018-09-12 13:08:00,98,23,2022-12-30 00:00:00
98,98,7,84,PF,2018-02-19 11:29:00,110694,103238,2019-12-04 08:10:57
100,100,7,84,PF,2017-03-10 15:18:00,26815,25875,2022-12-30 00:00:00
117,117,7,84,PF,2022-06-22 10:15:00,61939,61304,2022-12-29 23:59:59
122,122,7,84,PF,2016-10-02 11:23:00,24,11,2019-02-18 13:05:43
128,128,7,84,PF,2018-05-22 12:30:00,8,264,2022-12-29 23:59:59
133,133,7,84,PF,2022-12-22 10:05:00,264,163,2023-01-15 06:14:44
137,137,7,84,PF,2017-01-06 14:34:00,67907,62273,2022-12-13 01:27:39
150,150,7,84,PF,2021-11-04 11:27:00,30578,29116,2022-12-29 23:59:59
151,151,7,84,PF,2018-03-09 15:53:00,29082,27325,2022-07-16 07:45:02
159,159,7,84,PF,2022-06-24 13:01:00,435,410,2022-12-30 00:00:00
174,174,7,84,PF,2017-04-21 15:02:00,23287,21444,2022-09-14 20:46:48
181,181,7,84,PF,2021-06-08 15:03:00,32738,30918,2022-12-29 23:51:04
204,204,7,84,PF,2021-02-23 16:46:00,7630,7643,2022-12-27 08:55:17
247,247,7,84,PF,2019-07-25 14:05:00,92174,85291,2022-12-29 23:59:59
256,256,7,84,PF,2020-04-28 16:46:00,3,494,2022-11-02 17:44:43
262,262,7,84,PF,2019-10-19 11:14:00,78324,78285,2022-12-30 00:00:00
272,272,7,84,PF,2021-08-25 10:48:00,185905,177022,2022-12-29 23:59:59
281,281,7,84,PF,2016-06-27 15:06:00,1034,669,2022-12-30 00:00:00
296,296,7,84,PF,2016-07-03 11:32:00,14857,12292,2022-07-30 14:40:55
311,311,7,84,PF,2021-10-13 12:56:00,2741,1066,2022-12-29 23:59:59
318,318,7,84,PF,2017-03-06 12:50:00,49763,49705,2022-12-29 23:59:59
330,330,7,84,PF,2022-06-11 15:44:00,25535,23786,2022-12-29 23:59:59
334,334,7,84,PF,2016-10-08 11:12:00,20727,20722,2022-12-30 00:00:00
349,349,7,84,PF,2019-01-07 15:47:00,28053,26634,2022-12-29 23:14:40
406,406,7,84,PF,2017-08-25 13:16:00,4672,4835,2022-12-29 23:59:10
439,439,7,84,PF,2019-05-18 11:42:00,1,4032,2022-12-29 23:59:59
478,478,7,84,PF,2022-06-03 10:52:00,36880,38096,2022-12-30 00:00:00
489,489,7,84,PF,2019-08-04 13:50:00,230,139,2022-12-29 23:59:59
493,493,7,84,PF,2017-12-19 16:53:00,17359,15370,2022-12-30 00:00:00
494,494,7,84,PF,2019-09-05 11:39:00,353,308,2022-12-29 23:57:44
508,508,7,84,PF,2019-05-18 14:07:00,14898,14102,2022-12-30 00:00:00
519,519,7,84,PF,2021-09-14 11:54:00,797,187,2022-12-29 23:55:54
536,536,7,84,PF,2020-12-09 14:29:00,457,1236,2022-12-30 00:00:00
561,561,7,84,PF,2019-01-20 12:19:00,9182,8913,2022-06-24 08:29:45
572,572,7,84,PF,2021-09-21 16:34:00,26,5,2022-12-29 23:59:59
589,589,7,84,PF,2018-09-13 13:09:00,74008,71872,2020-06-04 21:51:06
593,593,7,84,PF,2019-01-12 10:56:00,56788,57631,2022-12-29 23:59:59
607,607,7,84,PF,2015-12-04 11:48:00,1963,1855,2018-09-08 03:23:55
618,618,7,84,PF,2018-12-14 11:23:00,11413,10896,2020-05-13 12:18:10
627,627,7,84,PF,2020-12-14 13:51:00,143,11,2022-12-29 23:59:59
645,645,7,84,PF,2022-05-24 13:33:00,296,270,2022-12-30 00:00:00
658,658,7,84,PF,2017-02-07 12:10:00,10623,10255,2019-09-20 20:58:34
660,660,7,84,PF,2022-10-28 14:34:00,64380,61857,2022-12-30 00:00:00
663,663,7,84,PF,2020-07-21 14:21:00,318,209,2022-12-29 23:59:59
682,682,7,84,PF,2020-10-14 16:53:00,20,225,2022-12-30 00:00:00
695,695,7,84,PF,2021-04-18 15:39:00,18491,17175,2022-12-30 00:00:00
708,708,7,84,PF,2020-07-19 11:21:00,959,770,2022-11-04 04:20:04
729,729,7,84,PF,2020-08-21 10:13:00,267,223,2022-12-29 23:59:37
734,734,7,84,PF,2020-08-17 15:00:00,1021,953,2022-12-30 00:00:00
745,745,7,84,PF,2017-04-23 15:36:00,24507,22446,2022-12-30 00:00:00
803,803,7,84,PF,2021-11-17 12:01:00,71217,67168,2022-12-29 23:59:59
822,822,7,84,PF,2022-12-16 15:58:00,238,212,2023-01-04 07:55:58
827,827,7,84,PF,2022-10-24 14:44:00,107556,99308,2022-12-30 00:00:00
860,860,7,84,PF,2021-04-15 14:16:00,41005,37774,2022-12-29 23:59:59
882,882,7,84,PF,2020-09-20 12:10:00,12488,12478,2022-12-29 23:59:59
884,884,7,84,PF,2017-08-06 11:01:00,13113,12932,2022-12-29 23:43:26
893,893,7,84,PF,2022-07-19 13:30:00,310,298,2022-12-29 23:59:59
929,929,7,84,PF,2019-02-27 13:07:00,34456,32992,2022-11-13 05:06:34
942,942,7,84,PF,2015-10-24 15:54:00,48,292,2021-07-27 13:03:47
944,944,7,84,PF,2020-05-09 11:42:00,18246,16570,2022-12-30 00:00:00
948,948,7,84,PF,2016-09-25 15:39:00,22981,23251,2022-12-30 00:00:00
959,959,7,84,PF,2022-06-07 12:06:00,9579,10044,2022-12-29 23:59:59
964,964,7,84,PF,2021-06-24 14:15:00,938,17,2022-12-29 23:59:59
969,969,7,84,PF,2020-10-18 10:41:00,19705,19084,2022-12-30 00:00:00
986,986,7,84,PF,2016-01-23 12:45:00,3674,3468,2019-01-19 05:34:40
999,999,7,84,PF,2017-08-25 15:13:00,18697,18628,2022-12-29 23:59:59
12,12,7,85,PF,2016-01-13 12:28:00,437,405,2022-12-29 23:59:58
13,13,7,85,PF,2022-12-16 11:20:00,229,212,2023-01-08 07:02:40
20,20,7,85,PF,2021-05-20 15:06:00,50155,49629,2022-12-29 23:59:59
58,58,7,85,PF,2017-11-02 12:54:00,55549,57199,2022-12-30 00:00:00
63,63,7,85,PF,2019-04-10 12:23:00,2354,2160,2022-12-30 00:00:00
91,91,7,85,PF,2020-02-17 10:45:00,51889,50612,2022-12-29 23:59:30
123,123,7,85,PF,2021-10-16 15:35:00,308,186,2022-12-29 23:59:59
182,182,7,85,PF,2020-11-04 12:06:00,6257,6395,2022-12-29 23:59:59
273,273,7,85,PF,2020-04-27 11:42:00,65,29,2022-12-30 00:00:00
308,308,7,85,PF,2018-06-26 14:23:00,28868,26440,2022-12-30 00:00:00
314,314,7,85,PF,2017-02-11 12:07:00,19172,17788,2022-12-23 08:14:19
324,324,7,85,PF,2022-01-11 15:19:00,123,103,2022-12-30 00:00:00
335,335,7,85,PF,2022-01-02 11:09:00,751,709,2022-12-29 23:59:59
337,337,7,85,PF,2017-08-03 14:16:00,36506,37852,2022-12-29 08:42:23
338,338,7,85,PF,2016-03-07 14:26:00,185276,179836,2022-12-30 00:00:00
345,345,7,85,PF,2017-12-08 13:24:00,11346,10598,2022-12-30 00:00:00
348,348,7,85,PF,2018-03-03 11:58:00,51345,48405,2021-10-06 04:37:41
367,367,7,85,PF,2015-08-21 11:07:00,15067,15142,2021-11-06 12:28:06
369,369,7,85,PF,2022-10-09 11:31:00,2372,2392,2022-12-30 00:00:00
378,378,7,85,PF,2018-03-18 12:36:00,1483,1454,2020-12-28 07:37:42
384,384,7,85,PF,2022-03-10 13:20:00,26811,25982,2022-12-29 23:59:59
391,391,7,85,PF,2020-06-21 11:39:00,221113,215962,2022-10-16 07:03:56
392,392,7,85,PF,2015-12-26 15:09:00,4970,4563,2019-09-23 00:15:52
396,396,7,85,PF,2021-09-24 11:11:00,7540,7091,2022-12-30 00:00:00
397,397,7,85,PF,2018-10-13 10:51:00,40026,36169,2022-12-29 22:02:26
409,409,7,85,PF,2015-11-08 14:10:00,17764,18283,2021-04-07 14:37:17
458,458,7,85,PF,2017-07-02 14:47:00,55600,57884,2022-12-29 23:59:59
463,463,7,85,PF,2017-04-02 13:32:00,13633,13891,2020-11-08 15:13:48
465,465,7,85,PF,2017-10-07 14:54:00,6002,6030,2021-08-25 16:37:01
469,469,7,85,PF,2018-09-27 11:50:00,43152,45107,2022-12-29 23:59:59
471,471,7,85,PF,2022-10-20 16:02:00,592,529,2022-12-29 23:59:59
483,483,7,85,PF,2022-10-23 11:12:00,59749,56176,2022-12-30 00:00:00
502,502,7,85,PF,2021-12-19 15:05:00,58387,58427,2022-12-30 00:00:00
503,503,7,85,PF,2020-11-25 13:30:00,5085,5111,2022-12-29 23:59:59
511,511,7,85,PF,2018-11-07 11:57:00,36503,38393,2022-12-18 17:28:23
522,522,7,85,PF,2016-11-05 13:26:00,1004,377,2021-01-25 19:40:47
524,524,7,85,PF,2019-11-02 11:32:00,75259,70788,2022-12-29 23:53:37
609,609,7,85,PF,2017-05-14 15:03:00,57623,58782,2021-09-04 06:56:17
619,619,7,85,PF,2020-04-02 14:43:00,11,789,2022-05-21 03:34:21
675,675,7,85,PF,2019-04-24 13:55:00,43784,40696,2022-12-30 00:00:00
694,694,7,85,PF,2022-04-07 14:35:00,137,98,2022-12-29 23:59:59
696,696,7,85,PF,2021-12-24 13:02:00,331,133,2022-12-29 23:59:59
719,719,7,85,PF,2016-08-16 13:16:00,13048,13317,2019-12-20 19:18:15
724,724,7,85,PF,2019-08-07 13:31:00,1378,1349,2022-09-14 05:40:11
731,731,7,85,PF,2017-07-21 11:57:00,857,512,2022-12-26 20:38:55
772,772,7,85,PF,2017-06-08 11:13:00,53692,50042,2021-11-12 13:19:09
777,777,7,85,PF,2022-01-07 13:03:00,1200,577,2022-12-29 23:59:59
791,791,7,85,PF,2015-10-21 13:49:00,5609,4787,2022-12-27 23:54:19
795,795,7,85,PF,2022-02-25 15:08:00,100,51,2022-12-29 23:59:59
806,806,7,85,PF,2018-05-02 13:32:00,584,576,2022-12-29 23:48:23
811,811,7,85,PF,2018-08-06 11:04:00,7630,7722,2022-08-24 03:53:49
812,812,7,85,PF,2018-10-24 12:26:00,15943,16354,2022-06-29 15:52:37
823,823,7,85,PF,2022-01-18 12:45:00,383,357,2022-12-29 23:59:59
847,847,7,85,PF,2017-10-23 12:25:00,84,35,2022-08-18 01:29:44
908,908,7,85,PF,2021-04-02 10:22:00,121,146,2022-12-29 23:59:59
933,933,7,85,PF,2015-08-12 13:49:00,18663,17579,2017-10-10 15:46:46
965,965,7,85,PF,2016-08-28 14:28:00,321,411,2022-12-30 00:00:00
976,976,7,85,PF,2015-09-16 15:49:00,68294,64946,2019-08-14 20:05:43
32,32,7,86,PF,2017-12-14 14:59:00,17618,16884,2020-10-04 07:29:28
88,88,7,86,PF,2020-10-07 14:15:00,13428,13974,2022-12-29 23:59:59
99,99,7,86,PF,2017-10-14 12:58:00,6519,6492,2022-12-30 00:00:00
101,101,7,86,PF,2018-11-05 14:17:00,111513,105076,2022-12-29 23:44:00
121,121,7,86,PF,2021-02-08 11:22:00,560,167,2022-12-29 23:59:59
156,156,7,86,PF,2018-09-03 15:21:00,77724,77618,2021-08-29 14:31:08
184,184,7,86,PF,2018-11-12 13:09:00,30326,31954,2022-12-30 00:00:00
194,194,7,86,PF,2016-12-18 14:20:00,6724,6042,2021-12-11 04:38:39
214,214,7,86,PF,2017-04-04 14:29:00,62,51,2022-12-29 23:59:59
219,219,7,86,PF,2022-02-17 10:52:00,45527,46013,2022-12-30 00:00:00
236,236,7,86,PF,2020-02-25 11:42:00,21089,21928,2022-12-29 23:59:59
268,268,7,86,PF,2016-07-06 16:25:00,745,548,2022-04-21 03:27:50
282,282,7,86,PF,2017-10-03 12:41:00,156,78,2022-12-30 00:00:00
287,287,7,86,PF,2020-07-20 13:04:00,37008,38511,2022-12-29 23:59:59
305,305,7,86,PF,2021-07-13 13:43:00,275,187,2022-12-30 00:00:00
336,336,7,86,PF,2020-10-18 13:03:00,5,33,2022-12-30 00:00:00
344,344,7,86,PF,2022-05-25 13:35:00,142,26,2022-12-29 23:59:59
400,400,7,86,PF,2018-04-21 15:16:00,27,9013,2022-12-29 23:59:59
401,401,7,86,PF,2020-12-18 11:53:00,51461,51296,2022-08-07 02:42:20
403,403,7,86,PF,2020-03-17 13:11:00,53898,50265,2022-12-29 23:59:59
404,404,7,86,PF,2022-06-05 15:57:00,32344,31038,2022-12-30 00:00:00
426,426,7,86,PF,2022-06-27 11:26:00,152392,139689,2022-12-30 00:00:00
436,436,7,86,PF,2019-12-10 12:32:00,8634,9025,2022-12-29 23:59:59
445,445,7,86,PF,2019-10-18 14:44:00,9499,7373,2022-12-29 18:13:01
470,470,7,86,PF,2016-10-03 14:01:00,14772,12201,2022-12-29 23:59:59
474,474,7,86,PF,2020-01-12 10:03:00,116,13,2022-12-29 23:59:59
563,563,7,86,PF,2021-07-10 11:51:00,46720,46232,2022-12-30 00:00:00
569,569,7,86,PF,2016-11-25 12:47:00,38,10,2022-12-29 23:59:59
583,583,7,86,PF,2020-06-25 14:02:00,380,128,2022-12-29 23:59:59
594,594,7,86,PF,2019-11-26 14:01:00,1648,1131,2022-11-27 00:35:22
605,605,7,86,PF,2022-05-02 16:57:00,50226,49704,2022-12-30 00:00:00
629,629,7,86,PF,2018-06-15 13:15:00,4654,4310,2022-12-29 23:49:27
654,654,7,86,PF,2019-05-24 12:34:00,48933,46182,2022-12-29 23:59:59
665,665,7,86,PF,2019-12-11 14:35:00,15668,16088,2022-12-29 23:59:59
669,669,7,86,PF,2016-04-15 14:26:00,67205,55598,2020-04-14 01:45:56
683,683,7,86,PF,2022-03-06 13:25:00,4130,4337,2022-12-30 00:00:00
707,707,7,86,PF,2016-10-22 14:14:00,60833,59617,2019-01-13 13:11:29
748,748,7,86,PF,2019-06-19 11:57:00,49285,50788,2022-12-30 00:00:00
784,784,7,86,PF,2020-07-27 12:34:00,373,331,2022-12-29 23:59:59
788,788,7,86,PF,2021-06-11 11:11:00,38,243,2022-12-30 00:00:00
809,809,7,86,PF,2021-05-18 16:15:00,901,568,2022-12-29 23:59:59
816,816,7,86,PF,2017-04-18 15:01:00,157,57,2022-12-23 13:45:19
835,835,7,86,PF,2019-12-09 11:43:00,39400,38090,2022-12-29 23:59:59
843,843,7,86,PF,2019-08-09 10:35:00,11976,11226,2021-07-02 02:15:55
854,854,7,86,PF,2017-04-13 12:22:00,656,652,2022-12-29 23:59:59
859,859,7,86,PF,2020-11-03 11:41:00,4935,1943,2022-12-30 00:00:00
867,867,7,86,PF,2016-10-14 12:02:00,112726,112686,2019-03-15 11:54:30
885,885,7,86,PF,2018-03-01 15:45:00,16065,15859,2020-09-02 02:39:39
894,894,7,86,PF,2019-06-04 12:01:00,39102,36479,2022-10-23 19:09:11
901,901,7,86,PF,2020-01-18 13:48:00,18,310,2022-12-29 23:59:59
907,907,7,86,PF,2022-08-01 12:44:00,4204,4444,2022-12-30 00:00:00
921,921,7,86,PF,2021-09-03 15:52:00,334,297,2022-12-29 23:59:59
922,922,7,86,PF,2022-08-17 11:05:00,38032,36903,2022-12-30 00:00:00
931,931,7,86,PF,2020-09-14 14:09:00,16674,16089,2022-12-30 00:00:00
949,949,7,86,PF,2016-07-07 10:30:00,762,635,2021-12-26 08:41:06
961,961,7,86,PF,2020-05-13 11:41:00,91464,91423,2022-12-29 23:59:59
962,962,7,86,PF,2022-07-19 15:11:00,15163,15247,2022-12-29 23:59:59
978,978,7,86,PF,2022-03-07 14:38:00,15455,15291,2022-12-30 00:00:00
985,985,7,86,PF,2018-01-18 15:15:00,24814,22495,2021-06-26 00:54:13
30,30,8,33,PF,2018-01-26 14:53:00,129,957,2022-12-30 00:00:00
475,475,8,33,PF,2020-05-04 13:45:00,82402,82534,2022-12-29 23:59:59
858,858,8,33,PF,2018-11-28 11:24:00,628,297,2022-04-14 16:47:44
38,38,8,35,PF,2021-08-23 12:15:00,31493,31765,2022-12-30 00:00:00
125,125,8,35,PF,2019-04-08 12:41:00,10863,12932,2022-12-29 23:59:57
428,428,8,35,PF,2019-11-27 14:29:00,61602,56521,2022-12-29 23:59:59
526,526,8,35,PF,2018-09-16 15:21:00,37666,37588,2022-12-29 20:03:55
869,869,8,35,PF,2021-04-09 13:01:00,1807,1835,2022-12-29 23:59:59
872,872,8,35,PF,2021-01-16 10:38:00,74,55,2022-12-30 00:00:00
120,120,8,40,PF,2021-11-18 10:05:00,448,400,2022-12-29 23:59:59
453,453,8,40,PF,2022-01-14 13:16:00,20,218,2022-12-29 23:59:59
918,918,8,40,PF,2020-05-16 11:58:00,666,502,2022-12-29 22:20:07
209,209,8,51,PF,2021-02-07 12:38:00,21,8,2022-12-29 23:59:59
407,407,8,51,PF,2019-05-18 13:18:00,6002,5776,2021-11-15 10:22:45
556,556,8,51,PF,2020-06-08 14:51:00,165,1003,2022-12-29 23:59:57
560,560,8,51,PF,2020-07-14 13:09:00,40,17,2022-12-11 22:19:08
950,950,8,51,PF,2020-10-23 14:33:00,184,67,2022-07-05 00:56:30
44,44,8,68,PF,2020-09-07 14:32:00,26049,24401,2022-11-05 21:31:22
639,639,8,68,PF,2020-04-16 13:45:00,119106,122899,2022-11-18 12:13:00
736,736,8,68,PF,2021-11-06 15:31:00,6682,6102,2022-12-29 23:59:59
825,825,8,68,PF,2022-04-28 14:01:00,8502,7492,2022-12-30 00:00:00
69,69,8,80,PF,2019-10-26 14:52:00,152,103,2022-12-29 23:59:59
288,288,8,80,PF,2018-10-08 10:40:00,527,437,2022-12-30 00:00:00
359,359,8,80,PF,2019-01-15 11:27:00,60095,57983,2022-05-10 20:02:31
644,644,8,80,PF,2022-11-06 12:02:00,651,610,2022-12-30 00:00:00
693,693,8,80,PF,2020-01-21 13:12:00,162,75,2022-12-29 23:59:59
743,743,8,80,PF,2019-05-06 11:39:00,14112,12225,2022-12-29 23:40:09
50,50,8,94,PF,2021-11-17 16:16:00,292,92,2022-12-30 00:00:00
672,672,8,94,PF,2019-07-14 12:16:00,15905,14492,2022-12-29 23:59:55
853,853,8,94,PF,2020-11-21 11:32:00,232,223,2022-12-30 00:00:00
253,253,9,1,PF,2022-05-27 11:17:00,324,232,2022-12-30 00:00:00
313,313,9,1,PF,2022-08-22 13:17:00,4056,4254,2022-12-29 23:59:59
591,591,9,1,PF,2022-05-19 11:46:00,20638,19948,2022-12-30 00:00:00
793,793,9,1,PF,2020-05-03 15:46:00,19031,19194,2022-12-30 00:00:00
815,815,9,1,PF,2021-06-21 14:04:00,174,124,2022-12-29 23:59:59
111,111,9,11,PF,2021-11-02 11:34:00,8803,8911,2022-12-30 00:00:00
652,652,9,11,PF,2020-10-23 15:23:00,88153,80069,2022-08-29 16:01:05
726,726,9,11,PF,2019-11-06 15:14:00,6821,7091,2022-12-30 00:00:00
25,25,9,25,PF,2022-09-04 10:40:00,9489,9647,2022-12-29 23:59:59
132,132,9,25,PF,2022-08-18 11:53:00,57046,57686,2022-12-30 00:00:00
585,585,9,25,PF,2022-10-20 11:04:00,44649,40913,2022-12-30 00:00:00
96,96,9,38,PF,2022-08-15 13:30:00,317,257,2022-12-29 23:59:59
443,443,9,38,PF,2022-01-03 11:42:00,470,383,2022-12-29 23:59:59
713,713,9,38,PF,2019-10-10 10:50:00,6769,6828,2022-12-29 23:59:59
66,66,9,39,PF,2021-05-19 13:18:00,134,78,2022-06-24 02:32:39
321,321,9,39,PF,2020-04-24 10:58:00,706,444,2022-12-29 23:59:59
916,916,9,39,PF,2020-01-17 11:30:00,20401,18537,2022-12-30 00:00:00
947,947,9,39,PF,2022-09-02 15:11:00,36730,37095,2022-12-30 00:00:00
10,10,9,75,PF,2020-11-03 14:04:00,30742,28682,2022-12-30 00:00:00
34,34,9,75,PF,2022-08-02 15:03:00,31583,29187,2022-12-30 00:00:00
711,711,9,75,PF,2022-12-08 14:47:00,342,235,2023-01-05 04:57:57
278,278,9,90,PF,2020-04-17 15:47:00,47525,47220,2022-12-29 23:59:59
512,512,9,90,PF,2020-05-12 12:40:00,5687,4791,2022-02-06 14:04:31
648,648,9,90,PF,2021-07-28 15:32:00,5011,4585,2022-12-30 00:00:00
904,904,9,90,PF,2020-12-16 14:36:00,153177,143607,2022-12-29 08:00:16
41,41,9,91,PF,2020-02-28 12:44:00,53,91,2022-12-30 00:00:00
79,79,9,91,PF,2022-12-03 10:51:00,883,642,2022-12-30 00:00:00
136,136,9,91,PF,2021-03-24 13:43:00,34431,32145,2022-12-29 23:59:59
257,257,9,91,PF,2021-05-20 14:11:00,2937,2641,2022-12-30 00:00:00
770,770,9,91,PF,2022-04-04 12:34:00,62511,29401,2022-12-29 23:59:59
466,466,10,8,PF,2022-10-26 14:13:00,7847,9351,2022-12-30 00:00:00
764,764,10,8,PF,2022-09-08 11:06:00,65495,64823,2022-12-29 23:59:59
488,488,10,18,PF,2022-07-16 10:16:00,8663,6836,2022-12-30 00:00:00
395,395,10,95,PF,2022-12-01 15:27:00,23156,21578,2022-12-30 00:00:00
355,355,10,100,PF,2022-10-22 14:50:00,10680,10336,2022-12-29 23:59:59
