cotacaoVenda,dataHoraCotacao
1.72,2010-01-04
1.72,2010-01-05
1.73,2010-01-06
1.74,2010-01-07
1.73,2010-01-08
1.73,2010-01-11
1.74,2010-01-12
1.74,2010-01-13
1.76,2010-01-14
1.77,2010-01-15
1.77,2010-01-18
1.77,2010-01-19
1.78,2010-01-20
1.79,2010-01-21
1.81,2010-01-22
1.81,2010-01-25
1.83,2010-01-26
1.85,2010-01-27
1.85,2010-01-28
1.87,2010-01-29
1.87,2010-02-01
1.83,2010-02-02
1.83,2010-02-03
1.87,2010-02-04
1.87,2010-02-05
1.87,2010-02-08
1.85,2010-02-09
1.84,2010-02-10
1.85,2010-02-11
1.86,2010-02-12
1.83,2010-02-17
1.82,2010-02-18
1.81,2010-02-19
1.80,2010-02-22
1.81,2010-02-23
1.82,2010-02-24
1.83,2010-02-25
1.81,2010-02-26
1.80,2010-03-01
1.78,2010-03-02
1.78,2010-03-03
1.78,2010-03-04
1.78,2010-03-05
1.78,2010-03-08
1.78,2010-03-09
1.77,2010-03-10
1.76,2010-03-11
1.76,2010-03-12
1.76,2010-03-15
1.76,2010-03-16
1.76,2010-03-17
1.78,2010-03-18
1.79,2010-03-19
1.80,2010-03-22
1.78,2010-03-23
1.79,2010-03-24
1.80,2010-03-25
1.82,2010-03-26
1.80,2010-03-29
1.79,2010-03-30
1.78,2010-03-31
1.77,2010-04-01
1.75,2010-04-05
1.76,2010-04-06
1.76,2010-04-07
1.78,2010-04-08
1.77,2010-04-09
1.76,2010-04-12
1.75,2010-04-13
1.74,2010-04-14
1.74,2010-04-15
1.75,2010-04-16
1.75,2010-04-19
1.74,2010-04-20
1.76,2010-04-22
1.76,2010-04-23
1.74,2010-04-26
1.75,2010-04-27
1.75,2010-04-28
1.73,2010-04-29
1.73,2010-04-30
1.73,2010-05-03
1.75,2010-05-04
1.78,2010-05-05
1.83,2010-05-06
1.83,2010-05-07
1.78,2010-05-10
1.78,2010-05-11
1.77,2010-05-12
1.77,2010-05-13
1.79,2010-05-14
1.80,2010-05-17
1.79,2010-05-18
1.83,2010-05-19
1.86,2010-05-20
1.87,2010-05-21
1.85,2010-05-24
1.88,2010-05-25
1.84,2010-05-26
1.83,2010-05-27
1.82,2010-05-28
1.81,2010-05-31
1.82,2010-06-01
1.83,2010-06-02
1.84,2010-06-04
1.86,2010-06-07
1.86,2010-06-08
1.84,2010-06-09
1.81,2010-06-10
1.81,2010-06-11
1.80,2010-06-14
1.79,2010-06-15
1.78,2010-06-16
1.78,2010-06-17
1.77,2010-06-18
1.76,2010-06-21
1.76,2010-06-22
1.79,2010-06-23
1.79,2010-06-24
1.77,2010-06-25
1.78,2010-06-28
1.80,2010-06-29
1.80,2010-06-30
1.80,2010-07-01
1.77,2010-07-02
1.77,2010-07-05
1.76,2010-07-06
1.77,2010-07-07
1.76,2010-07-08
1.75,2010-07-09
1.76,2010-07-12
1.75,2010-07-13
1.76,2010-07-14
1.76,2010-07-15
1.77,2010-07-16
1.78,2010-07-19
1.78,2010-07-20
1.77,2010-07-21
1.76,2010-07-22
1.76,2010-07-23
1.76,2010-07-26
1.76,2010-07-27
1.76,2010-07-28
1.76,2010-07-29
1.75,2010-07-30
1.74,2010-08-02
1.75,2010-08-03
1.75,2010-08-04
1.75,2010-08-05
1.75,2010-08-06
1.75,2010-08-09
1.75,2010-08-10
1.76,2010-08-11
1.77,2010-08-12
1.77,2010-08-13
1.76,2010-08-16
1.75,2010-08-17
1.75,2010-08-18
1.75,2010-08-19
1.75,2010-08-20
1.75,2010-08-23
1.77,2010-08-24
1.76,2010-08-25
1.75,2010-08-26
1.75,2010-08-27
1.75,2010-08-30
1.75,2010-08-31
1.74,2010-09-01
1.73,2010-09-02
1.72,2010-09-03
1.72,2010-09-06
1.72,2010-09-08
1.72,2010-09-09
1.71,2010-09-10
1.71,2010-09-13
1.70,2010-09-14
1.71,2010-09-15
1.71,2010-09-16
1.71,2010-09-17
1.72,2010-09-20
1.72,2010-09-21
1.71,2010-09-22
1.71,2010-09-23
1.71,2010-09-24
1.71,2010-09-27
1.70,2010-09-28
1.70,2010-09-29
1.69,2010-09-30
1.68,2010-10-01
1.68,2010-10-04
1.68,2010-10-05
1.67,2010-10-06
1.67,2010-10-07
1.68,2010-10-08
1.66,2010-10-11
1.65,2010-10-13
1.65,2010-10-14
1.66,2010-10-15
1.66,2010-10-18
1.68,2010-10-19
1.67,2010-10-20
1.68,2010-10-21
1.69,2010-10-22
1.70,2010-10-25
1.70,2010-10-26
1.70,2010-10-27
1.71,2010-10-28
1.70,2010-10-29
1.70,2010-11-01
1.69,2010-11-03
1.68,2010-11-04
1.68,2010-11-05
1.69,2010-11-08
1.69,2010-11-09
1.70,2010-11-10
1.71,2010-11-11
1.71,2010-11-12
1.72,2010-11-16
1.72,2010-11-17
1.71,2010-11-18
1.71,2010-11-19
1.72,2010-11-22
1.73,2010-11-23
1.72,2010-11-24
1.72,2010-11-25
1.72,2010-11-26
1.72,2010-11-29
1.71,2010-11-30
1.70,2010-12-01
1.70,2010-12-02
1.69,2010-12-03
1.68,2010-12-06
1.67,2010-12-07
1.68,2010-12-08
1.70,2010-12-09
1.71,2010-12-10
1.70,2010-12-13
1.69,2010-12-14
1.69,2010-12-15
1.70,2010-12-16
1.70,2010-12-17
1.70,2010-12-20
1.69,2010-12-21
1.69,2010-12-22
1.69,2010-12-23
1.69,2010-12-24
1.69,2010-12-27
1.68,2010-12-28
1.67,2010-12-29
1.66,2010-12-30
1.66,2010-12-31
1.65,2011-01-03
1.65,2011-01-04
1.67,2011-01-05
1.68,2011-01-06
1.68,2011-01-07
1.69,2011-01-10
1.68,2011-01-11
1.67,2011-01-12
1.67,2011-01-13
1.68,2011-01-14
1.68,2011-01-17
1.67,2011-01-18
1.67,2011-01-19
1.67,2011-01-20
1.67,2011-01-21
1.67,2011-01-24
1.67,2011-01-25
1.66,2011-01-26
1.67,2011-01-27
1.67,2011-01-28
1.67,2011-01-31
1.66,2011-02-01
1.66,2011-02-02
1.66,2011-02-03
1.67,2011-02-04
1.67,2011-02-07
1.67,2011-02-08
1.66,2011-02-09
1.66,2011-02-10
1.66,2011-02-11
1.66,2011-02-14
1.66,2011-02-15
1.67,2011-02-16
1.66,2011-02-17
1.66,2011-02-18
1.66,2011-02-21
1.66,2011-02-22
1.67,2011-02-23
1.66,2011-02-24
1.66,2011-02-25
1.66,2011-02-28
1.66,2011-03-01
1.66,2011-03-02
1.65,2011-03-03
1.64,2011-03-04
1.65,2011-03-09
1.66,2011-03-10
1.66,2011-03-11
1.66,2011-03-14
1.66,2011-03-15
1.66,2011-03-16
1.67,2011-03-17
1.67,2011-03-18
1.66,2011-03-21
1.66,2011-03-22
1.66,2011-03-23
1.65,2011-03-24
1.65,2011-03-25
1.66,2011-03-28
1.65,2011-03-29
1.63,2011-03-30
1.62,2011-03-31
1.61,2011-04-01
1.61,2011-04-04
1.60,2011-04-05
1.60,2011-04-06
1.59,2011-04-07
1.57,2011-04-08
1.58,2011-04-11
1.58,2011-04-12
1.58,2011-04-13
1.58,2011-04-14
1.57,2011-04-15
1.59,2011-04-18
1.57,2011-04-19
1.57,2011-04-20
1.57,2011-04-25
1.56,2011-04-26
1.57,2011-04-27
1.58,2011-04-28
1.57,2011-04-29
1.57,2011-05-02
1.58,2011-05-03
1.60,2011-05-04
1.62,2011-05-05
1.61,2011-05-06
1.61,2011-05-09
1.60,2011-05-10
1.61,2011-05-11
1.62,2011-05-12
1.63,2011-05-13
1.63,2011-05-16
1.62,2011-05-17
1.61,2011-05-18
1.61,2011-05-19
1.61,2011-05-20
1.63,2011-05-23
1.62,2011-05-24
1.62,2011-05-25
1.61,2011-05-26
1.60,2011-05-27
1.59,2011-05-30
1.57,2011-05-31
1.58,2011-06-01
1.58,2011-06-02
1.57,2011-06-03
1.58,2011-06-06
1.57,2011-06-07
1.58,2011-06-08
1.58,2011-06-09
1.59,2011-06-10
1.58,2011-06-13
1.58,2011-06-14
1.59,2011-06-15
1.61,2011-06-16
1.59,2011-06-17
1.59,2011-06-20
1.59,2011-06-21
1.58,2011-06-22
1.59,2011-06-24
1.59,2011-06-27
1.58,2011-06-28
1.57,2011-06-29
1.56,2011-06-30
1.55,2011-07-01
1.55,2011-07-04
1.56,2011-07-05
1.56,2011-07-06
1.55,2011-07-07
1.56,2011-07-08
1.57,2011-07-11
1.57,2011-07-12
1.57,2011-07-13
1.57,2011-07-14
1.57,2011-07-15
1.58,2011-07-18
1.56,2011-07-19
1.56,2011-07-20
1.55,2011-07-21
1.55,2011-07-22
1.54,2011-07-25
1.53,2011-07-26
1.56,2011-07-27
1.56,2011-07-28
1.55,2011-07-29
1.55,2011-08-01
1.56,2011-08-02
1.56,2011-08-03
1.57,2011-08-04
1.58,2011-08-05
1.59,2011-08-08
1.63,2011-08-09
1.61,2011-08-10
1.63,2011-08-11
1.61,2011-08-12
1.59,2011-08-15
1.59,2011-08-16
1.58,2011-08-17
1.60,2011-08-18
1.59,2011-08-19
1.60,2011-08-22
1.60,2011-08-23
1.60,2011-08-24
1.61,2011-08-25
1.61,2011-08-26
1.59,2011-08-29
1.59,2011-08-30
1.58,2011-08-31
1.60,2011-09-01
1.63,2011-09-02
1.65,2011-09-05
1.65,2011-09-06
1.65,2011-09-08
1.67,2011-09-09
1.68,2011-09-12
1.71,2011-09-13
1.72,2011-09-14
1.71,2011-09-15
1.71,2011-09-16
1.77,2011-09-19
1.78,2011-09-20
1.82,2011-09-21
1.90,2011-09-22
1.87,2011-09-23
1.84,2011-09-26
1.80,2011-09-27
1.81,2011-09-28
1.82,2011-09-29
1.85,2011-09-30
1.88,2011-10-03
1.88,2011-10-04
1.84,2011-10-05
1.81,2011-10-06
1.76,2011-10-07
1.74,2011-10-10
1.76,2011-10-11
1.75,2011-10-13
1.73,2011-10-14
1.74,2011-10-17
1.77,2011-10-18
1.76,2011-10-19
1.78,2011-10-20
1.78,2011-10-21
1.77,2011-10-24
1.75,2011-10-25
1.76,2011-10-26
1.73,2011-10-27
1.69,2011-10-28
1.68,2011-10-31
1.75,2011-11-01
1.72,2011-11-03
1.74,2011-11-04
1.75,2011-11-07
1.74,2011-11-08
1.75,2011-11-09
1.76,2011-11-10
1.75,2011-11-11
1.76,2011-11-14
1.77,2011-11-16
1.77,2011-11-17
1.77,2011-11-18
1.80,2011-11-21
1.80,2011-11-22
1.84,2011-11-23
1.86,2011-11-24
1.89,2011-11-25
1.85,2011-11-28
1.84,2011-11-29
1.81,2011-11-30
1.79,2011-12-01
1.78,2011-12-02
1.78,2011-12-05
1.79,2011-12-06
1.79,2011-12-07
1.79,2011-12-08
1.81,2011-12-09
1.82,2011-12-12
1.84,2011-12-13
1.87,2011-12-14
1.86,2011-12-15
1.84,2011-12-16
1.86,2011-12-19
1.85,2011-12-20
1.85,2011-12-21
1.85,2011-12-22
1.85,2011-12-23
1.85,2011-12-26
1.85,2011-12-27
1.86,2011-12-28
1.87,2011-12-29
1.87,2011-12-30
1.86,2012-01-02
1.84,2012-01-03
1.82,2012-01-04
1.83,2012-01-05
1.84,2012-01-06
1.84,2012-01-09
1.80,2012-01-10
1.80,2012-01-11
1.78,2012-01-12
1.78,2012-01-13
1.78,2012-01-16
1.77,2012-01-17
1.77,2012-01-18
1.76,2012-01-19
1.76,2012-01-20
1.75,2012-01-23
1.76,2012-01-24
1.76,2012-01-25
1.73,2012-01-26
1.74,2012-01-27
1.75,2012-01-30
1.73,2012-01-31
1.73,2012-02-01
1.73,2012-02-02
1.72,2012-02-03
1.72,2012-02-06
1.72,2012-02-07
1.71,2012-02-08
1.72,2012-02-09
1.72,2012-02-10
1.71,2012-02-13
1.71,2012-02-14
1.71,2012-02-15
1.73,2012-02-16
1.71,2012-02-17
1.70,2012-02-22
1.70,2012-02-23
1.70,2012-02-24
1.70,2012-02-27
1.70,2012-02-28
1.70,2012-02-29
1.71,2012-03-01
1.72,2012-03-02
1.73,2012-03-05
1.75,2012-03-06
1.76,2012-03-07
1.76,2012-03-08
1.77,2012-03-09
1.81,2012-03-12
1.81,2012-03-13
1.81,2012-03-14
1.80,2012-03-15
1.80,2012-03-16
1.80,2012-03-19
1.82,2012-03-20
1.82,2012-03-21
1.82,2012-03-22
1.81,2012-03-23
1.81,2012-03-26
1.81,2012-03-27
1.82,2012-03-28
1.83,2012-03-29
1.82,2012-03-30
1.83,2012-04-02
1.82,2012-04-03
1.83,2012-04-04
1.83,2012-04-05
1.82,2012-04-09
1.83,2012-04-10
1.83,2012-04-11
1.82,2012-04-12
1.83,2012-04-13
1.83,2012-04-16
1.84,2012-04-17
1.86,2012-04-18
1.88,2012-04-19
1.87,2012-04-20
1.88,2012-04-23
1.87,2012-04-24
1.88,2012-04-25
1.88,2012-04-26
1.88,2012-04-27
1.89,2012-04-30
1.91,2012-05-02
1.92,2012-05-03
1.92,2012-05-04
1.92,2012-05-07
1.93,2012-05-08
1.95,2012-05-09
1.95,2012-05-10
1.95,2012-05-11
1.98,2012-05-14
1.99,2012-05-15
1.99,2012-05-16
1.99,2012-05-17
2.00,2012-05-18
2.03,2012-05-21
2.04,2012-05-22
2.08,2012-05-23
2.03,2012-05-24
2.00,2012-05-25
1.97,2012-05-28
1.99,2012-05-29
2.00,2012-05-30
2.02,2012-05-31
2.03,2012-06-01
2.04,2012-06-04
2.02,2012-06-05
2.01,2012-06-06
2.03,2012-06-08
2.03,2012-06-11
2.05,2012-06-12
2.06,2012-06-13
2.06,2012-06-14
2.04,2012-06-15
2.06,2012-06-18
2.04,2012-06-19
2.02,2012-06-20
2.03,2012-06-21
2.05,2012-06-22
2.07,2012-06-25
2.07,2012-06-26
2.07,2012-06-27
2.09,2012-06-28
2.02,2012-06-29
1.98,2012-07-02
1.98,2012-07-03
2.02,2012-07-04
2.02,2012-07-05
2.03,2012-07-06
2.03,2012-07-09
2.03,2012-07-10
2.03,2012-07-11
2.04,2012-07-12
2.03,2012-07-13
2.03,2012-07-16
2.03,2012-07-17
2.02,2012-07-18
2.02,2012-07-19
2.02,2012-07-20
2.04,2012-07-23
2.04,2012-07-24
2.04,2012-07-25
2.02,2012-07-26
2.01,2012-07-27
2.03,2012-07-30
2.04,2012-07-31
2.04,2012-08-01
2.04,2012-08-02
2.03,2012-08-03
2.02,2012-08-06
2.02,2012-08-07
2.02,2012-08-08
2.01,2012-08-09
2.01,2012-08-10
2.02,2012-08-13
2.02,2012-08-14
2.02,2012-08-15
2.02,2012-08-16
2.01,2012-08-17
2.02,2012-08-20
2.01,2012-08-21
2.02,2012-08-22
2.02,2012-08-23
2.02,2012-08-24
2.02,2012-08-27
2.04,2012-08-28
2.05,2012-08-29
2.05,2012-08-30
2.03,2012-08-31
2.03,2012-09-03
2.03,2012-09-04
2.03,2012-09-05
2.03,2012-09-06
2.02,2012-09-10
2.01,2012-09-11
2.02,2012-09-12
2.02,2012-09-13
2.01,2012-09-14
2.03,2012-09-17
2.02,2012-09-18
2.02,2012-09-19
2.02,2012-09-20
2.02,2012-09-21
2.02,2012-09-24
2.02,2012-09-25
2.03,2012-09-26
2.03,2012-09-27
2.03,2012-09-28
2.02,2012-10-01
2.02,2012-10-02
2.02,2012-10-03
2.02,2012-10-04
2.02,2012-10-05
2.03,2012-10-08
2.03,2012-10-09
2.03,2012-10-10
2.03,2012-10-11
2.03,2012-10-15
2.03,2012-10-16
2.03,2012-10-17
2.02,2012-10-18
2.02,2012-10-19
2.02,2012-10-22
2.02,2012-10-23
2.02,2012-10-24
2.02,2012-10-25
2.02,2012-10-26
2.02,2012-10-29
2.03,2012-10-30
2.03,2012-10-31
2.03,2012-11-01
2.03,2012-11-05
2.03,2012-11-06
2.03,2012-11-07
2.03,2012-11-08
2.05,2012-11-09
2.04,2012-11-12
2.06,2012-11-13
2.06,2012-11-14
2.07,2012-11-16
2.07,2012-11-19
2.08,2012-11-20
2.09,2012-11-21
2.09,2012-11-22
2.09,2012-11-23
2.07,2012-11-26
2.07,2012-11-27
2.09,2012-11-28
2.09,2012-11-29
2.10,2012-11-30
2.11,2012-12-03
2.10,2012-12-04
2.10,2012-12-05
2.08,2012-12-06
2.08,2012-12-07
2.08,2012-12-10
2.07,2012-12-11
2.08,2012-12-12
2.07,2012-12-13
2.08,2012-12-14
2.09,2012-12-17
2.09,2012-12-18
2.07,2012-12-19
2.06,2012-12-20
2.07,2012-12-21
2.07,2012-12-24
2.05,2012-12-26
2.04,2012-12-27
2.04,2012-12-28
2.04,2012-12-31
2.04,2013-01-02
2.04,2013-01-03
2.04,2013-01-04
2.03,2013-01-07
2.02,2013-01-08
2.04,2013-01-09
2.03,2013-01-10
2.03,2013-01-11
2.03,2013-01-14
2.03,2013-01-15
2.04,2013-01-16
2.04,2013-01-17
2.04,2013-01-18
2.04,2013-01-21
2.04,2013-01-22
2.03,2013-01-23
2.03,2013-01-24
2.02,2013-01-25
2.02,2013-01-28
1.99,2013-01-29
1.99,2013-01-30
1.98,2013-01-31
1.98,2013-02-01
1.98,2013-02-04
1.98,2013-02-05
1.98,2013-02-06
1.97,2013-02-07
1.96,2013-02-08
1.96,2013-02-13
1.96,2013-02-14
1.96,2013-02-15
1.96,2013-02-18
1.95,2013-02-19
1.95,2013-02-20
1.97,2013-02-21
1.97,2013-02-22
1.96,2013-02-25
1.98,2013-02-26
1.98,2013-02-27
1.97,2013-02-28
1.98,2013-03-01
1.98,2013-03-04
1.96,2013-03-05
1.96,2013-03-06
1.96,2013-03-07
1.95,2013-03-08
1.95,2013-03-11
1.95,2013-03-12
1.96,2013-03-13
1.96,2013-03-14
1.97,2013-03-15
1.98,2013-03-18
1.98,2013-03-19
1.98,2013-03-20
1.99,2013-03-21
2.01,2013-03-22
2.01,2013-03-25
2.00,2013-03-26
2.01,2013-03-27
2.01,2013-03-28
2.01,2013-04-01
2.01,2013-04-02
2.02,2013-04-03
2.02,2013-04-04
2.00,2013-04-05
1.99,2013-04-08
1.98,2013-04-09
1.98,2013-04-10
1.97,2013-04-11
1.97,2013-04-12
1.97,2013-04-15
1.99,2013-04-16
1.99,2013-04-17
2.01,2013-04-18
2.00,2013-04-19
2.01,2013-04-22
2.01,2013-04-23
2.02,2013-04-24
2.01,2013-04-25
2.00,2013-04-26
1.99,2013-04-29
2.00,2013-04-30
2.00,2013-05-02
2.00,2013-05-03
2.01,2013-05-06
2.01,2013-05-07
2.00,2013-05-08
2.00,2013-05-09
2.02,2013-05-10
2.01,2013-05-13
2.00,2013-05-14
2.02,2013-05-15
2.02,2013-05-16
2.03,2013-05-17
2.03,2013-05-20
2.04,2013-05-21
2.03,2013-05-22
2.05,2013-05-23
2.04,2013-05-24
2.05,2013-05-27
2.06,2013-05-28
2.08,2013-05-29
2.13,2013-05-31
2.13,2013-06-03
2.12,2013-06-04
2.12,2013-06-05
2.12,2013-06-06
2.13,2013-06-07
2.15,2013-06-10
2.15,2013-06-11
2.14,2013-06-12
2.14,2013-06-13
2.13,2013-06-14
2.15,2013-06-17
2.17,2013-06-18
2.17,2013-06-19
2.25,2013-06-20
2.26,2013-06-21
2.25,2013-06-24
2.21,2013-06-25
2.19,2013-06-26
2.18,2013-06-27
2.21,2013-06-28
2.22,2013-07-01
2.24,2013-07-02
2.26,2013-07-03
2.25,2013-07-04
2.26,2013-07-05
2.25,2013-07-08
2.26,2013-07-09
2.26,2013-07-10
2.26,2013-07-11
2.26,2013-07-12
2.25,2013-07-15
2.23,2013-07-16
2.23,2013-07-17
2.22,2013-07-18
2.23,2013-07-19
2.23,2013-07-22
2.22,2013-07-23
2.23,2013-07-24
2.24,2013-07-25
2.24,2013-07-26
2.26,2013-07-29
2.27,2013-07-30
2.29,2013-07-31
2.29,2013-08-01
2.29,2013-08-02
2.30,2013-08-05
2.29,2013-08-06
2.30,2013-08-07
2.28,2013-08-08
2.27,2013-08-09
2.27,2013-08-12
2.30,2013-08-13
2.31,2013-08-14
2.34,2013-08-15
2.35,2013-08-16
2.39,2013-08-19
2.39,2013-08-20
2.41,2013-08-21
2.44,2013-08-22
2.38,2013-08-23
2.37,2013-08-26
2.39,2013-08-27
2.35,2013-08-28
2.35,2013-08-29
2.37,2013-08-30
2.36,2013-09-02
2.38,2013-09-03
2.35,2013-09-04
2.33,2013-09-05
2.29,2013-09-06
2.28,2013-09-09
2.27,2013-09-10
2.29,2013-09-11
2.27,2013-09-12
2.27,2013-09-13
2.26,2013-09-16
2.26,2013-09-17
2.24,2013-09-18
2.20,2013-09-19
2.20,2013-09-20
2.20,2013-09-23
2.20,2013-09-24
2.22,2013-09-25
2.22,2013-09-26
2.25,2013-09-27
2.23,2013-09-30
2.21,2013-10-01
2.20,2013-10-02
2.20,2013-10-03
2.20,2013-10-04
2.20,2013-10-07
2.20,2013-10-08
2.20,2013-10-09
2.18,2013-10-10
2.18,2013-10-11
2.18,2013-10-14
2.18,2013-10-15
2.16,2013-10-16
2.16,2013-10-17
2.16,2013-10-18
2.17,2013-10-21
2.17,2013-10-22
2.18,2013-10-23
2.20,2013-10-24
2.18,2013-10-25
2.18,2013-10-28
2.18,2013-10-29
2.18,2013-10-30
2.20,2013-10-31
2.24,2013-11-01
2.24,2013-11-04
2.27,2013-11-05
2.27,2013-11-06
2.28,2013-11-07
2.31,2013-11-08
2.31,2013-11-11
2.33,2013-11-12
2.32,2013-11-13
2.32,2013-11-14
2.28,2013-11-18
2.26,2013-11-19
2.27,2013-11-20
2.30,2013-11-21
2.29,2013-11-22
2.28,2013-11-25
2.30,2013-11-26
2.30,2013-11-27
2.32,2013-11-28
2.32,2013-11-29
2.34,2013-12-02
2.35,2013-12-03
2.37,2013-12-04
2.37,2013-12-05
2.35,2013-12-06
2.32,2013-12-09
2.31,2013-12-10
2.32,2013-12-11
2.33,2013-12-12
2.33,2013-12-13
2.32,2013-12-16
2.32,2013-12-17
2.32,2013-12-18
2.35,2013-12-19
2.38,2013-12-20
2.37,2013-12-23
2.35,2013-12-24
2.35,2013-12-26
2.35,2013-12-27
2.34,2013-12-30
2.34,2013-12-31
2.39,2014-01-02
2.37,2014-01-03
2.37,2014-01-06
2.36,2014-01-07
2.37,2014-01-08
2.39,2014-01-09
2.38,2014-01-10
2.34,2014-01-13
2.36,2014-01-14
2.34,2014-01-15
2.36,2014-01-16
2.36,2014-01-17
2.33,2014-01-20
2.36,2014-01-21
2.36,2014-01-22
2.37,2014-01-23
2.41,2014-01-24
2.40,2014-01-27
2.41,2014-01-28
2.43,2014-01-29
2.42,2014-01-30
2.42,2014-01-31
2.40,2014-02-03
2.41,2014-02-04
2.41,2014-02-05
2.40,2014-02-06
2.38,2014-02-07
2.39,2014-02-10
2.40,2014-02-11
2.40,2014-02-12
2.42,2014-02-13
2.39,2014-02-14
2.38,2014-02-17
2.39,2014-02-18
2.39,2014-02-19
2.37,2014-02-20
2.36,2014-02-21
2.33,2014-02-24
2.33,2014-02-25
2.34,2014-02-26
2.34,2014-02-27
2.33,2014-02-28
2.32,2014-03-05
2.30,2014-03-06
2.33,2014-03-07
2.34,2014-03-10
2.34,2014-03-11
2.36,2014-03-12
2.34,2014-03-13
2.36,2014-03-14
2.35,2014-03-17
2.35,2014-03-18
2.33,2014-03-19
2.34,2014-03-20
2.32,2014-03-21
2.32,2014-03-24
2.31,2014-03-25
2.31,2014-03-26
2.28,2014-03-27
2.26,2014-03-28
2.26,2014-03-31
2.26,2014-04-01
2.27,2014-04-02
2.28,2014-04-03
2.24,2014-04-04
2.23,2014-04-07
2.19,2014-04-08
2.21,2014-04-09
2.19,2014-04-10
2.20,2014-04-11
2.20,2014-04-14
2.22,2014-04-15
2.23,2014-04-16
2.24,2014-04-17
2.24,2014-04-22
2.24,2014-04-23
2.22,2014-04-24
2.23,2014-04-25
2.23,2014-04-28
2.21,2014-04-29
2.23,2014-04-30
2.22,2014-05-02
2.22,2014-05-05
2.23,2014-05-06
2.22,2014-05-07
2.21,2014-05-08
2.21,2014-05-09
2.21,2014-05-12
2.21,2014-05-13
2.21,2014-05-14
2.21,2014-05-15
2.21,2014-05-16
2.21,2014-05-19
2.21,2014-05-20
2.21,2014-05-21
2.21,2014-05-22
2.21,2014-05-23
2.22,2014-05-26
2.23,2014-05-27
2.24,2014-05-28
2.22,2014-05-29
2.23,2014-05-30
2.26,2014-06-02
2.26,2014-06-03
2.28,2014-06-04
2.26,2014-06-05
2.24,2014-06-06
2.23,2014-06-09
2.22,2014-06-10
2.23,2014-06-11
2.23,2014-06-12
2.23,2014-06-13
2.23,2014-06-16
2.24,2014-06-17
2.25,2014-06-18
2.23,2014-06-20
2.21,2014-06-23
2.22,2014-06-24
2.20,2014-06-25
2.20,2014-06-26
2.19,2014-06-27
2.20,2014-06-30
2.20,2014-07-01
2.21,2014-07-02
2.22,2014-07-03
2.21,2014-07-04
2.22,2014-07-07
2.21,2014-07-08
2.21,2014-07-09
2.22,2014-07-10
2.22,2014-07-11
2.21,2014-07-14
2.21,2014-07-15
2.21,2014-07-16
2.24,2014-07-17
2.23,2014-07-18
2.22,2014-07-21
2.21,2014-07-22
2.22,2014-07-23
2.22,2014-07-24
2.22,2014-07-25
2.23,2014-07-28
2.22,2014-07-29
2.24,2014-07-30
2.26,2014-07-31
2.26,2014-08-01
2.25,2014-08-04
2.27,2014-08-05
2.27,2014-08-06
2.28,2014-08-07
2.29,2014-08-08
2.27,2014-08-11
2.27,2014-08-12
2.26,2014-08-13
2.27,2014-08-14
2.26,2014-08-15
2.25,2014-08-18
2.25,2014-08-19
2.25,2014-08-20
2.25,2014-08-21
2.27,2014-08-22
2.28,2014-08-25
2.27,2014-08-26
2.25,2014-08-27
2.24,2014-08-28
2.23,2014-08-29
2.23,2014-09-01
2.25,2014-09-02
2.23,2014-09-03
2.23,2014-09-04
2.24,2014-09-05
2.24,2014-09-08
2.28,2014-09-09
2.29,2014-09-10
2.28,2014-09-11
2.32,2014-09-12
2.34,2014-09-15
2.33,2014-09-16
2.33,2014-09-17
2.36,2014-09-18
2.36,2014-09-19
2.38,2014-09-22
2.40,2014-09-23
2.40,2014-09-24
2.40,2014-09-25
2.43,2014-09-26
2.45,2014-09-29
2.45,2014-09-30
2.46,2014-10-01
2.47,2014-10-02
2.49,2014-10-03
2.40,2014-10-06
2.40,2014-10-07
2.40,2014-10-08
2.39,2014-10-09
2.41,2014-10-10
2.39,2014-10-13
2.39,2014-10-14
2.43,2014-10-15
2.47,2014-10-16
2.44,2014-10-17
2.45,2014-10-20
2.47,2014-10-21
2.47,2014-10-22
2.50,2014-10-23
2.48,2014-10-24
2.53,2014-10-27
2.48,2014-10-28
2.43,2014-10-29
2.41,2014-10-30
2.44,2014-10-31
2.48,2014-11-03
2.51,2014-11-04
2.51,2014-11-05
2.53,2014-11-06
2.57,2014-11-07
2.53,2014-11-10
2.56,2014-11-11
2.55,2014-11-12
2.57,2014-11-13
2.61,2014-11-14
2.60,2014-11-17
2.59,2014-11-18
2.58,2014-11-19
2.54,2014-11-20
2.53,2014-11-21
2.52,2014-11-24
2.52,2014-11-25
2.51,2014-11-26
2.50,2014-11-27
2.56,2014-11-28
2.56,2014-12-01
2.56,2014-12-02
2.56,2014-12-03
2.57,2014-12-04
2.58,2014-12-05
2.59,2014-12-08
2.60,2014-12-09
2.59,2014-12-10
2.62,2014-12-11
2.65,2014-12-12
2.67,2014-12-15
2.74,2014-12-16
2.72,2014-12-17
2.66,2014-12-18
2.64,2014-12-19
2.65,2014-12-22
2.67,2014-12-23
2.68,2014-12-24
2.68,2014-12-26
2.67,2014-12-29
2.65,2014-12-30
2.65,2014-12-31
2.69,2015-01-02
2.71,2015-01-05
2.70,2015-01-06
2.68,2015-01-07
2.69,2015-01-08
2.65,2015-01-09
2.65,2015-01-12
2.64,2015-01-13
2.62,2015-01-14
2.61,2015-01-15
2.61,2015-01-16
2.62,2015-01-19
2.62,2015-01-20
2.59,2015-01-21
2.57,2015-01-22
2.58,2015-01-23
2.59,2015-01-26
2.58,2015-01-27
2.57,2015-01-28
2.59,2015-01-29
2.66,2015-01-30
2.68,2015-02-02
2.70,2015-02-03
2.71,2015-02-04
2.73,2015-02-05
2.76,2015-02-06
2.78,2015-02-09
2.80,2015-02-10
2.85,2015-02-11
2.86,2015-02-12
2.83,2015-02-13
2.84,2015-02-18
2.85,2015-02-19
2.87,2015-02-20
2.88,2015-02-23
2.86,2015-02-24
2.86,2015-02-25
2.87,2015-02-26
2.87,2015-02-27
2.86,2015-03-02
2.90,2015-03-03
2.98,2015-03-04
2.99,2015-03-05
3.03,2015-03-06
3.10,2015-03-09
3.12,2015-03-10
3.11,2015-03-11
3.11,2015-03-12
3.22,2015-03-13
3.22,2015-03-16
3.26,2015-03-17
3.25,2015-03-18
3.26,2015-03-19
3.24,2015-03-20
3.18,2015-03-23
3.13,2015-03-24
3.14,2015-03-25
3.19,2015-03-26
3.22,2015-03-27
3.26,2015-03-30
3.20,2015-03-31
3.15,2015-04-01
3.14,2015-04-02
3.09,2015-04-06
3.12,2015-04-07
3.08,2015-04-08
3.04,2015-04-09
3.07,2015-04-10
3.10,2015-04-13
3.08,2015-04-14
3.06,2015-04-15
3.02,2015-04-16
3.05,2015-04-17
3.04,2015-04-20
3.01,2015-04-22
3.00,2015-04-23
2.97,2015-04-24
2.92,2015-04-27
2.89,2015-04-28
2.93,2015-04-29
2.99,2015-04-30
3.07,2015-05-04
3.06,2015-05-05
3.04,2015-05-06
3.04,2015-05-07
2.99,2015-05-08
3.01,2015-05-11
3.03,2015-05-12
3.01,2015-05-13
3.00,2015-05-14
2.98,2015-05-15
3.01,2015-05-18
3.02,2015-05-19
3.03,2015-05-20
3.02,2015-05-21
3.06,2015-05-22
3.12,2015-05-25
3.13,2015-05-26
3.17,2015-05-27
3.17,2015-05-28
3.17,2015-05-29
3.17,2015-06-01
3.14,2015-06-02
3.11,2015-06-03
3.16,2015-06-05
3.11,2015-06-08
3.09,2015-06-09
3.08,2015-06-10
3.15,2015-06-11
3.11,2015-06-12
3.10,2015-06-15
3.10,2015-06-16
3.09,2015-06-17
3.04,2015-06-18
3.07,2015-06-19
3.07,2015-06-22
3.10,2015-06-23
3.08,2015-06-24
3.10,2015-06-25
3.12,2015-06-26
3.13,2015-06-29
3.10,2015-06-30
3.11,2015-07-01
3.11,2015-07-02
3.12,2015-07-03
3.14,2015-07-06
3.18,2015-07-07
3.22,2015-07-08
3.21,2015-07-09
3.18,2015-07-10
3.15,2015-07-13
3.12,2015-07-14
3.15,2015-07-15
3.13,2015-07-16
3.18,2015-07-17
3.21,2015-07-20
3.18,2015-07-21
3.20,2015-07-22
3.28,2015-07-23
3.32,2015-07-24
3.35,2015-07-27
3.38,2015-07-28
3.34,2015-07-29
3.36,2015-07-30
3.39,2015-07-31
3.44,2015-08-03
3.46,2015-08-04
3.48,2015-08-05
3.53,2015-08-06
3.51,2015-08-07
3.49,2015-08-10
3.49,2015-08-11
3.48,2015-08-12
3.50,2015-08-13
3.47,2015-08-14
3.47,2015-08-17
3.48,2015-08-18
3.48,2015-08-19
3.47,2015-08-20
3.48,2015-08-21
3.54,2015-08-24
3.53,2015-08-25
3.63,2015-08-26
3.55,2015-08-27
3.57,2015-08-28
3.64,2015-08-31
3.67,2015-09-01
3.73,2015-09-02
3.77,2015-09-03
3.79,2015-09-04
3.80,2015-09-08
3.78,2015-09-09
3.86,2015-09-10
3.86,2015-09-11
3.86,2015-09-14
3.85,2015-09-15
3.83,2015-09-16
3.89,2015-09-17
3.90,2015-09-18
3.98,2015-09-21
4.04,2015-09-22
4.10,2015-09-23
4.19,2015-09-24
3.94,2015-09-25
4.00,2015-09-28
4.11,2015-09-29
3.97,2015-09-30
3.97,2015-10-01
4.00,2015-10-02
3.91,2015-10-05
3.85,2015-10-06
3.80,2015-10-07
3.85,2015-10-08
3.73,2015-10-09
3.82,2015-10-13
3.85,2015-10-14
3.83,2015-10-15
3.84,2015-10-16
3.90,2015-10-19
3.86,2015-10-20
3.93,2015-10-21
3.93,2015-10-22
3.89,2015-10-23
3.85,2015-10-26
3.91,2015-10-27
3.87,2015-10-28
3.93,2015-10-29
3.85,2015-10-30
3.81,2015-11-03
3.76,2015-11-04
3.78,2015-11-05
3.80,2015-11-06
3.79,2015-11-09
3.79,2015-11-10
3.73,2015-11-11
3.79,2015-11-12
3.80,2015-11-13
3.83,2015-11-16
3.80,2015-11-17
3.79,2015-11-18
3.74,2015-11-19
3.70,2015-11-20
3.72,2015-11-23
3.70,2015-11-24
3.76,2015-11-25
3.76,2015-11-26
3.73,2015-11-27
3.85,2015-11-30
3.87,2015-12-01
3.85,2015-12-02
3.79,2015-12-03
3.75,2015-12-04
3.74,2015-12-07
3.79,2015-12-08
3.75,2015-12-09
3.76,2015-12-10
3.85,2015-12-11
3.90,2015-12-14
3.87,2015-12-15
3.93,2015-12-16
3.89,2015-12-17
3.90,2015-12-18
3.98,2015-12-21
3.97,2015-12-22
3.96,2015-12-23
3.95,2015-12-24
3.91,2015-12-28
3.84,2015-12-29
3.90,2015-12-30
3.90,2015-12-31
4.03,2016-01-04
4.01,2016-01-05
4.03,2016-01-06
4.04,2016-01-07
4.02,2016-01-08
4.01,2016-01-11
4.02,2016-01-12
3.98,2016-01-13
4.02,2016-01-14
4.04,2016-01-15
4.03,2016-01-18
4.03,2016-01-19
4.08,2016-01-20
4.15,2016-01-21
4.12,2016-01-22
4.10,2016-01-25
4.09,2016-01-26
4.04,2016-01-27
4.08,2016-01-28
4.04,2016-01-29
3.99,2016-02-01
3.99,2016-02-02
3.95,2016-02-03
3.86,2016-02-04
3.89,2016-02-05
3.94,2016-02-10
3.96,2016-02-11
3.98,2016-02-12
3.98,2016-02-15
4.02,2016-02-16
4.03,2016-02-17
4.00,2016-02-18
4.04,2016-02-19
3.96,2016-02-22
3.96,2016-02-23
3.99,2016-02-24
3.94,2016-02-25
3.95,2016-02-26
3.97,2016-02-29
3.99,2016-03-01
3.91,2016-03-02
3.85,2016-03-03
3.71,2016-03-04
3.77,2016-03-07
3.78,2016-03-08
3.70,2016-03-09
3.67,2016-03-10
3.62,2016-03-11
3.62,2016-03-14
3.71,2016-03-15
3.80,2016-03-16
3.64,2016-03-17
3.61,2016-03-18
3.62,2016-03-21
3.60,2016-03-22
3.65,2016-03-23
3.69,2016-03-24
3.64,2016-03-28
3.66,2016-03-29
3.61,2016-03-30
3.55,2016-03-31
3.57,2016-04-01
3.58,2016-04-04
3.65,2016-04-05
3.67,2016-04-06
3.69,2016-04-07
3.63,2016-04-08
3.52,2016-04-11
3.54,2016-04-12
3.54,2016-04-13
3.51,2016-04-14
3.52,2016-04-15
3.59,2016-04-18
3.55,2016-04-19
3.55,2016-04-20
3.58,2016-04-22
3.54,2016-04-25
3.53,2016-04-26
3.52,2016-04-27
3.49,2016-04-28
3.45,2016-04-29
3.49,2016-05-02
3.55,2016-05-03
3.53,2016-05-04
3.52,2016-05-05
3.53,2016-05-06
3.53,2016-05-09
3.47,2016-05-10
3.46,2016-05-11
3.48,2016-05-12
3.50,2016-05-13
3.50,2016-05-16
3.50,2016-05-17
3.53,2016-05-18
3.60,2016-05-19
3.54,2016-05-20
3.56,2016-05-23
3.54,2016-05-24
3.58,2016-05-25
3.61,2016-05-27
3.59,2016-05-30
3.59,2016-05-31
3.61,2016-06-01
3.59,2016-06-02
3.54,2016-06-03
3.50,2016-06-06
3.47,2016-06-07
3.38,2016-06-08
3.38,2016-06-09
3.42,2016-06-10
3.45,2016-06-13
3.48,2016-06-14
3.47,2016-06-15
3.49,2016-06-16
3.43,2016-06-17
3.38,2016-06-20
3.38,2016-06-21
3.38,2016-06-22
3.35,2016-06-23
3.37,2016-06-24
3.39,2016-06-27
3.32,2016-06-28
3.24,2016-06-29
3.20,2016-06-30
3.22,2016-07-01
3.24,2016-07-04
3.29,2016-07-05
3.32,2016-07-06
3.33,2016-07-07
3.29,2016-07-08
3.30,2016-07-11
3.27,2016-07-12
3.28,2016-07-13
3.23,2016-07-14
3.26,2016-07-15
3.26,2016-07-18
3.28,2016-07-19
3.25,2016-07-20
3.25,2016-07-21
3.28,2016-07-22
3.28,2016-07-25
3.27,2016-07-26
3.28,2016-07-27
3.27,2016-07-28
3.23,2016-07-29
3.26,2016-08-01
3.24,2016-08-02
3.27,2016-08-03
3.21,2016-08-04
3.18,2016-08-05
3.17,2016-08-08
3.15,2016-08-09
3.13,2016-08-10
3.13,2016-08-11
3.16,2016-08-12
3.16,2016-08-15
3.17,2016-08-16
3.22,2016-08-17
3.22,2016-08-18
3.22,2016-08-19
3.21,2016-08-22
3.20,2016-08-23
3.23,2016-08-24
3.23,2016-08-25
3.21,2016-08-26
3.26,2016-08-29
3.25,2016-08-30
3.24,2016-08-31
3.24,2016-09-01
3.24,2016-09-02
3.27,2016-09-05
3.24,2016-09-06
3.19,2016-09-08
3.26,2016-09-09
3.28,2016-09-12
3.29,2016-09-13
3.32,2016-09-14
3.33,2016-09-15
3.30,2016-09-16
3.26,2016-09-19
3.25,2016-09-20
3.24,2016-09-21
3.20,2016-09-22
3.22,2016-09-23
3.24,2016-09-26
3.23,2016-09-27
3.24,2016-09-28
3.22,2016-09-29
3.24,2016-09-30
3.23,2016-10-03
3.22,2016-10-04
3.23,2016-10-05
3.23,2016-10-06
3.21,2016-10-07
3.21,2016-10-10
3.21,2016-10-11
3.20,2016-10-13
3.18,2016-10-14
3.19,2016-10-17
3.18,2016-10-18
3.18,2016-10-19
3.16,2016-10-20
3.15,2016-10-21
3.13,2016-10-24
3.11,2016-10-25
3.12,2016-10-26
3.14,2016-10-27
3.18,2016-10-28
3.18,2016-10-31
3.20,2016-11-01
3.23,2016-11-03
3.24,2016-11-04
3.20,2016-11-07
3.20,2016-11-08
3.22,2016-11-09
3.31,2016-11-10
3.43,2016-11-11
3.44,2016-11-14
3.41,2016-11-16
3.40,2016-11-17
3.39,2016-11-18
3.35,2016-11-21
3.34,2016-11-22
3.39,2016-11-23
3.39,2016-11-24
3.42,2016-11-25
3.39,2016-11-28
3.40,2016-11-29
3.39,2016-11-30
3.43,2016-12-01
3.46,2016-12-02
3.45,2016-12-05
3.43,2016-12-06
3.38,2016-12-07
3.40,2016-12-08
3.38,2016-12-09
3.36,2016-12-12
3.33,2016-12-13
3.31,2016-12-14
3.38,2016-12-15
3.37,2016-12-16
3.37,2016-12-19
3.35,2016-12-20
3.32,2016-12-21
3.33,2016-12-22
3.26,2016-12-23
3.27,2016-12-26
3.27,2016-12-27
3.27,2016-12-28
3.25,2016-12-29
3.25,2016-12-30
3.27,2017-01-02
3.26,2017-01-03
3.23,2017-01-04
3.21,2017-01-05
3.20,2017-01-06
3.20,2017-01-09
3.19,2017-01-10
3.21,2017-01-11
3.16,2017-01-12
3.20,2017-01-13
3.22,2017-01-16
3.21,2017-01-17
3.22,2017-01-18
3.21,2017-01-19
3.19,2017-01-20
3.16,2017-01-23
3.16,2017-01-24
3.16,2017-01-25
3.18,2017-01-26
3.15,2017-01-27
3.13,2017-01-30
3.12,2017-01-31
3.14,2017-02-01
3.11,2017-02-02
3.12,2017-02-03
3.11,2017-02-06
3.13,2017-02-07
3.12,2017-02-08
3.11,2017-02-09
3.11,2017-02-10
3.11,2017-02-13
3.10,2017-02-14
3.07,2017-02-15
3.05,2017-02-16
3.09,2017-02-17
3.09,2017-02-20
3.09,2017-02-21
3.08,2017-02-22
3.06,2017-02-23
3.09,2017-02-24
3.09,2017-03-01
3.11,2017-03-02
3.13,2017-03-03
3.11,2017-03-06
3.11,2017-03-07
3.14,2017-03-08
3.17,2017-03-09
3.16,2017-03-10
3.15,2017-03-13
3.16,2017-03-14
3.16,2017-03-15
3.10,2017-03-16
3.10,2017-03-17
3.08,2017-03-20
3.07,2017-03-21
3.09,2017-03-22
3.12,2017-03-23
3.12,2017-03-24
3.12,2017-03-27
3.13,2017-03-28
3.12,2017-03-29
3.12,2017-03-30
3.16,2017-03-31
3.11,2017-04-03
3.12,2017-04-04
3.09,2017-04-05
3.11,2017-04-06
3.13,2017-04-07
3.14,2017-04-10
3.14,2017-04-11
3.14,2017-04-12
3.12,2017-04-13
3.10,2017-04-17
3.09,2017-04-18
3.12,2017-04-19
3.14,2017-04-20
3.12,2017-04-24
3.15,2017-04-25
3.18,2017-04-26
3.17,2017-04-27
3.19,2017-04-28
3.17,2017-05-02
3.14,2017-05-03
3.17,2017-05-04
3.17,2017-05-05
3.19,2017-05-08
3.18,2017-05-09
3.16,2017-05-10
3.15,2017-05-11
3.12,2017-05-12
3.10,2017-05-15
3.09,2017-05-16
3.10,2017-05-17
3.38,2017-05-18
3.28,2017-05-19
3.28,2017-05-22
3.26,2017-05-23
3.26,2017-05-24
3.28,2017-05-25
3.26,2017-05-26
3.27,2017-05-29
3.26,2017-05-30
3.24,2017-05-31
3.23,2017-06-01
3.24,2017-06-02
3.28,2017-06-05
3.28,2017-06-06
3.27,2017-06-07
3.28,2017-06-08
3.27,2017-06-09
3.29,2017-06-12
3.32,2017-06-13
3.28,2017-06-14
3.28,2017-06-16
3.29,2017-06-19
3.31,2017-06-20
3.32,2017-06-21
3.33,2017-06-22
3.33,2017-06-23
3.31,2017-06-26
3.31,2017-06-27
3.30,2017-06-28
3.29,2017-06-29
3.30,2017-06-30
3.30,2017-07-03
3.30,2017-07-04
3.31,2017-07-05
3.30,2017-07-06
3.28,2017-07-07
3.26,2017-07-10
3.25,2017-07-11
3.22,2017-07-12
3.21,2017-07-13
3.18,2017-07-14
3.18,2017-07-17
3.16,2017-07-18
3.15,2017-07-19
3.14,2017-07-20
3.12,2017-07-21
3.14,2017-07-24
3.15,2017-07-25
3.16,2017-07-26
3.15,2017-07-27
3.14,2017-07-28
3.13,2017-07-31
3.11,2017-08-01
3.12,2017-08-02
3.11,2017-08-03
3.12,2017-08-04
3.12,2017-08-07
3.13,2017-08-08
3.14,2017-08-09
3.15,2017-08-10
3.16,2017-08-11
3.18,2017-08-14
3.19,2017-08-15
3.16,2017-08-16
3.16,2017-08-17
3.16,2017-08-18
3.14,2017-08-21
3.15,2017-08-22
3.15,2017-08-23
3.14,2017-08-24
3.14,2017-08-25
3.15,2017-08-28
3.16,2017-08-29
3.16,2017-08-30
3.14,2017-08-31
3.13,2017-09-01
3.13,2017-09-04
3.12,2017-09-05
3.11,2017-09-06
3.09,2017-09-08
3.08,2017-09-11
3.11,2017-09-12
3.13,2017-09-13
3.13,2017-09-14
3.12,2017-09-15
3.12,2017-09-18
3.13,2017-09-19
3.12,2017-09-20
3.13,2017-09-21
3.12,2017-09-22
3.14,2017-09-25
3.16,2017-09-26
3.19,2017-09-27
3.18,2017-09-28
3.16,2017-09-29
3.16,2017-10-02
3.15,2017-10-03
3.13,2017-10-04
3.13,2017-10-05
3.16,2017-10-06
3.17,2017-10-09
3.16,2017-10-10
3.16,2017-10-11
3.15,2017-10-13
3.16,2017-10-16
3.17,2017-10-17
3.16,2017-10-18
3.17,2017-10-19
3.18,2017-10-20
3.20,2017-10-23
3.24,2017-10-24
3.23,2017-10-25
3.24,2017-10-26
3.28,2017-10-27
3.25,2017-10-30
3.27,2017-10-31
3.27,2017-11-01
3.29,2017-11-03
3.28,2017-11-06
3.27,2017-11-07
3.25,2017-11-08
3.25,2017-11-09
3.26,2017-11-10
3.28,2017-11-13
3.28,2017-11-14
3.28,2017-11-16
3.27,2017-11-17
3.26,2017-11-20
3.25,2017-11-21
3.25,2017-11-22
3.23,2017-11-23
3.23,2017-11-24
3.22,2017-11-27
3.22,2017-11-28
3.21,2017-11-29
3.26,2017-11-30
3.26,2017-12-01
3.25,2017-12-04
3.23,2017-12-05
3.23,2017-12-06
3.28,2017-12-07
3.28,2017-12-08
3.28,2017-12-11
3.31,2017-12-12
3.30,2017-12-13
3.33,2017-12-14
3.31,2017-12-15
3.28,2017-12-18
3.28,2017-12-19
3.29,2017-12-20
3.30,2017-12-21
3.32,2017-12-22
3.32,2017-12-26
3.30,2017-12-27
3.30,2017-12-28
3.30,2017-12-29
3.26,2018-01-02
3.25,2018-01-03
3.23,2018-01-04
3.24,2018-01-05
3.23,2018-01-08
3.23,2018-01-09
3.24,2018-01-10
3.23,2018-01-11
3.21,2018-01-12
3.19,2018-01-15
3.22,2018-01-16
3.23,2018-01-17
3.21,2018-01-18
3.20,2018-01-19
3.19,2018-01-22
3.22,2018-01-23
3.19,2018-01-24
3.13,2018-01-25
3.14,2018-01-26
3.16,2018-01-29
3.16,2018-01-30
3.16,2018-01-31
3.17,2018-02-01
3.20,2018-02-02
3.23,2018-02-05
3.26,2018-02-06
3.24,2018-02-07
3.26,2018-02-08
3.28,2018-02-09
3.25,2018-02-14
3.22,2018-02-15
3.23,2018-02-16
3.23,2018-02-19
3.25,2018-02-20
3.25,2018-02-21
3.25,2018-02-22
3.24,2018-02-23
3.23,2018-02-26
3.23,2018-02-27
3.24,2018-02-28
3.26,2018-03-01
3.26,2018-03-02
3.25,2018-03-05
3.22,2018-03-06
3.23,2018-03-07
3.25,2018-03-08
3.24,2018-03-09
3.26,2018-03-12
3.24,2018-03-13
3.25,2018-03-14
3.28,2018-03-15
3.29,2018-03-16
3.29,2018-03-19
3.29,2018-03-20
3.29,2018-03-21
3.30,2018-03-22
3.30,2018-03-23
3.30,2018-03-26
3.32,2018-03-27
3.33,2018-03-28
3.32,2018-03-29
3.31,2018-04-02
3.31,2018-04-03
3.35,2018-04-04
3.31,2018-04-05
3.36,2018-04-06
3.39,2018-04-09
3.41,2018-04-10
3.40,2018-04-11
3.38,2018-04-12
3.41,2018-04-13
3.42,2018-04-16
3.40,2018-04-17
3.38,2018-04-18
3.39,2018-04-19
3.41,2018-04-20
3.44,2018-04-23
3.46,2018-04-24
3.50,2018-04-25
3.49,2018-04-26
3.46,2018-04-27
3.48,2018-04-30
3.54,2018-05-02
3.54,2018-05-03
3.53,2018-05-04
3.54,2018-05-07
3.57,2018-05-08
3.59,2018-05-09
3.55,2018-05-10
3.57,2018-05-11
3.60,2018-05-14
3.67,2018-05-15
3.68,2018-05-16
3.68,2018-05-17
3.75,2018-05-18
3.70,2018-05-21
3.65,2018-05-22
3.65,2018-05-23
3.64,2018-05-24
3.65,2018-05-25
3.70,2018-05-28
3.72,2018-05-29
3.73,2018-05-30
3.74,2018-06-01
3.74,2018-06-04
3.77,2018-06-05
3.81,2018-06-06
3.90,2018-06-07
3.78,2018-06-08
3.69,2018-06-11
3.70,2018-06-12
3.70,2018-06-13
3.70,2018-06-14
3.77,2018-06-15
3.75,2018-06-18
3.75,2018-06-19
3.73,2018-06-20
3.78,2018-06-21
3.76,2018-06-22
3.77,2018-06-25
3.77,2018-06-26
3.83,2018-06-27
3.85,2018-06-28
3.85,2018-06-29
3.90,2018-07-02
3.89,2018-07-03
3.90,2018-07-04
3.91,2018-07-05
3.92,2018-07-06
3.86,2018-07-09
3.84,2018-07-10
3.84,2018-07-11
3.85,2018-07-12
3.87,2018-07-13
3.85,2018-07-16
3.86,2018-07-17
3.84,2018-07-18
3.88,2018-07-19
3.77,2018-07-20
3.79,2018-07-23
3.74,2018-07-24
3.71,2018-07-25
3.72,2018-07-26
3.71,2018-07-27
3.71,2018-07-30
3.75,2018-07-31
3.74,2018-08-01
3.76,2018-08-02
3.72,2018-08-03
3.72,2018-08-06
3.71,2018-08-07
3.75,2018-08-08
3.80,2018-08-09
3.84,2018-08-10
3.89,2018-08-13
3.88,2018-08-14
3.91,2018-08-15
3.88,2018-08-16
3.93,2018-08-17
3.94,2018-08-20
3.98,2018-08-21
4.07,2018-08-22
4.07,2018-08-23
4.08,2018-08-24
4.06,2018-08-27
4.11,2018-08-28
4.13,2018-08-29
4.18,2018-08-30
4.13,2018-08-31
4.12,2018-09-03
4.16,2018-09-04
4.16,2018-09-05
4.14,2018-09-06
4.10,2018-09-10
4.16,2018-09-11
4.12,2018-09-12
4.16,2018-09-13
4.18,2018-09-14
4.16,2018-09-17
4.13,2018-09-18
4.13,2018-09-19
4.09,2018-09-20
4.07,2018-09-21
4.05,2018-09-24
4.12,2018-09-25
4.05,2018-09-26
4.00,2018-09-27
4.00,2018-09-28
4.02,2018-10-01
3.95,2018-10-02
3.85,2018-10-03
3.90,2018-10-04
3.86,2018-10-05
3.75,2018-10-08
3.73,2018-10-09
3.75,2018-10-10
3.74,2018-10-11
3.73,2018-10-15
3.70,2018-10-16
3.70,2018-10-17
3.69,2018-10-18
3.70,2018-10-19
3.69,2018-10-22
3.70,2018-10-23
3.70,2018-10-24
3.70,2018-10-25
3.67,2018-10-26
3.63,2018-10-29
3.70,2018-10-30
3.71,2018-10-31
3.69,2018-11-01
3.70,2018-11-05
3.74,2018-11-06
3.75,2018-11-07
3.73,2018-11-08
3.75,2018-11-09
3.74,2018-11-12
3.77,2018-11-13
3.79,2018-11-14
3.75,2018-11-16
3.75,2018-11-19
3.75,2018-11-20
3.78,2018-11-21
3.81,2018-11-22
3.80,2018-11-23
3.86,2018-11-26
3.89,2018-11-27
3.86,2018-11-28
3.85,2018-11-29
3.86,2018-11-30
3.82,2018-12-03
3.83,2018-12-04
3.85,2018-12-05
3.91,2018-12-06
3.89,2018-12-07
3.91,2018-12-10
3.90,2018-12-11
3.86,2018-12-12
3.87,2018-12-13
3.90,2018-12-14
3.91,2018-12-17
3.89,2018-12-18
3.89,2018-12-19
3.84,2018-12-20
3.86,2018-12-21
3.88,2018-12-24
3.92,2018-12-26
3.93,2018-12-27
3.87,2018-12-28
3.87,2018-12-31
3.85,2019-01-02
3.76,2019-01-03
3.76,2019-01-04
3.70,2019-01-07
3.72,2019-01-08
3.69,2019-01-09
3.68,2019-01-10
3.71,2019-01-11
3.72,2019-01-14
3.70,2019-01-15
3.71,2019-01-16
3.75,2019-01-17
3.74,2019-01-18
3.77,2019-01-21
3.76,2019-01-22
3.79,2019-01-23
3.78,2019-01-24
3.76,2019-01-25
3.76,2019-01-28
3.73,2019-01-29
3.71,2019-01-30
3.65,2019-01-31
3.66,2019-02-01
3.67,2019-02-04
3.67,2019-02-05
3.70,2019-02-06
3.71,2019-02-07
3.71,2019-02-08
3.73,2019-02-11
3.72,2019-02-12
3.72,2019-02-13
3.77,2019-02-14
3.71,2019-02-15
3.73,2019-02-18
3.72,2019-02-19
3.71,2019-02-20
3.75,2019-02-21
3.74,2019-02-22
3.72,2019-02-25
3.75,2019-02-26
3.73,2019-02-27
3.73,2019-02-28
3.78,2019-03-01
3.83,2019-03-06
3.84,2019-03-07
3.86,2019-03-08
3.84,2019-03-11
3.81,2019-03-12
3.82,2019-03-13
3.83,2019-03-14
3.83,2019-03-15
3.81,2019-03-18
3.77,2019-03-19
3.78,2019-03-20
3.79,2019-03-21
3.88,2019-03-22
3.87,2019-03-25
3.86,2019-03-26
3.93,2019-03-27
3.96,2019-03-28
3.89,2019-03-29
3.86,2019-04-01
3.86,2019-04-02
3.84,2019-04-03
3.87,2019-04-04
3.86,2019-04-05
3.86,2019-04-08
3.85,2019-04-09
3.83,2019-04-10
3.83,2019-04-11
3.86,2019-04-12
3.87,2019-04-15
3.89,2019-04-16
3.92,2019-04-17
3.93,2019-04-18
3.92,2019-04-22
3.94,2019-04-23
3.96,2019-04-24
3.97,2019-04-25
3.93,2019-04-26
3.93,2019-04-29
3.94,2019-04-30
3.96,2019-05-02
3.93,2019-05-03
3.96,2019-05-06
3.98,2019-05-07
3.93,2019-05-08
3.96,2019-05-09
3.95,2019-05-10
3.98,2019-05-13
3.97,2019-05-14
4.00,2019-05-15
4.01,2019-05-16
4.08,2019-05-17
4.10,2019-05-20
4.08,2019-05-21
4.02,2019-05-22
4.05,2019-05-23
4.03,2019-05-24
4.02,2019-05-27
4.02,2019-05-28
3.99,2019-05-29
3.97,2019-05-30
3.94,2019-05-31
3.90,2019-06-03
3.87,2019-06-04
3.86,2019-06-05
3.87,2019-06-06
3.85,2019-06-07
3.87,2019-06-10
3.86,2019-06-11
3.84,2019-06-12
3.84,2019-06-13
3.88,2019-06-14
3.88,2019-06-17
3.86,2019-06-18
3.87,2019-06-19
3.82,2019-06-21
3.82,2019-06-24
3.83,2019-06-25
3.84,2019-06-26
3.86,2019-06-27
3.83,2019-06-28
3.81,2019-07-01
3.85,2019-07-02
3.84,2019-07-03
3.79,2019-07-04
3.82,2019-07-05
3.80,2019-07-08
3.78,2019-07-09
3.76,2019-07-10
3.75,2019-07-11
3.74,2019-07-12
3.74,2019-07-15
3.76,2019-07-16
3.76,2019-07-17
3.74,2019-07-18
3.74,2019-07-19
3.74,2019-07-22
3.76,2019-07-23
3.75,2019-07-24
3.78,2019-07-25
3.77,2019-07-26
3.79,2019-07-29
3.79,2019-07-30
3.76,2019-07-31
3.82,2019-08-01
3.87,2019-08-02
3.94,2019-08-05
3.96,2019-08-06
3.98,2019-08-07
3.94,2019-08-08
3.93,2019-08-09
3.99,2019-08-12
3.97,2019-08-13
4.00,2019-08-14
4.01,2019-08-15
3.99,2019-08-16
4.02,2019-08-19
4.04,2019-08-20
4.02,2019-08-21
4.04,2019-08-22
4.08,2019-08-23
4.13,2019-08-26
4.15,2019-08-27
4.15,2019-08-28
4.16,2019-08-29
4.13,2019-08-30
4.15,2019-09-02
4.16,2019-09-03
4.12,2019-09-04
4.08,2019-09-05
4.06,2019-09-06
4.07,2019-09-09
4.11,2019-09-10
4.06,2019-09-11
4.04,2019-09-12
4.06,2019-09-13
4.08,2019-09-16
4.09,2019-09-17
4.09,2019-09-18
4.13,2019-09-19
4.16,2019-09-20
4.17,2019-09-23
4.17,2019-09-24
4.18,2019-09-25
4.14,2019-09-26
4.15,2019-09-27
4.16,2019-09-30
4.17,2019-10-01
4.15,2019-10-02
4.10,2019-10-03
4.06,2019-10-04
4.06,2019-10-07
4.08,2019-10-08
4.09,2019-10-09
4.11,2019-10-10
4.10,2019-10-11
4.12,2019-10-14
4.14,2019-10-15
4.17,2019-10-16
4.14,2019-10-17
4.13,2019-10-18
4.13,2019-10-21
4.08,2019-10-22
4.07,2019-10-23
4.00,2019-10-24
4.01,2019-10-25
3.97,2019-10-28
3.99,2019-10-29
4.01,2019-10-30
4.00,2019-10-31
3.97,2019-11-01
3.99,2019-11-04
4.00,2019-11-05
4.03,2019-11-06
4.09,2019-11-07
4.13,2019-11-08
4.15,2019-11-11
4.17,2019-11-12
4.17,2019-11-13
4.18,2019-11-14
4.18,2019-11-18
4.20,2019-11-19
4.20,2019-11-20
4.20,2019-11-21
4.18,2019-11-22
4.20,2019-11-25
4.25,2019-11-26
4.26,2019-11-27
4.24,2019-11-28
4.22,2019-11-29
4.22,2019-12-02
4.20,2019-12-03
4.19,2019-12-04
4.21,2019-12-05
4.17,2019-12-06
4.15,2019-12-09
4.14,2019-12-10
4.11,2019-12-11
4.10,2019-12-12
4.09,2019-12-13
4.08,2019-12-16
4.06,2019-12-17
4.05,2019-12-18
4.06,2019-12-19
4.07,2019-12-20
4.07,2019-12-23
4.08,2019-12-24
4.06,2019-12-26
4.05,2019-12-27
4.03,2019-12-30
4.03,2019-12-31
4.02,2020-01-02
4.05,2020-01-03
4.05,2020-01-06
4.08,2020-01-07
4.06,2020-01-08
4.07,2020-01-09
4.07,2020-01-10
4.13,2020-01-13
4.14,2020-01-14
4.16,2020-01-15
4.17,2020-01-16
4.18,2020-01-17
4.18,2020-01-20
4.20,2020-01-21
4.18,2020-01-22
4.16,2020-01-23
4.17,2020-01-24
4.21,2020-01-27
4.20,2020-01-28
4.20,2020-01-29
4.25,2020-01-30
4.26,2020-01-31
4.24,2020-02-03
4.23,2020-02-04
4.24,2020-02-05
4.24,2020-02-06
4.30,2020-02-07
4.31,2020-02-10
4.31,2020-02-11
4.33,2020-02-12
4.33,2020-02-13
4.31,2020-02-14
4.31,2020-02-17
4.34,2020-02-18
4.37,2020-02-19
4.38,2020-02-20
4.39,2020-02-21
4.43,2020-02-26
4.47,2020-02-27
4.49,2020-02-28
4.49,2020-03-02
4.48,2020-03-03
4.52,2020-03-04
4.62,2020-03-05
4.64,2020-03-06
4.73,2020-03-09
4.66,2020-03-10
4.67,2020-03-11
4.88,2020-03-12
4.73,2020-03-13
4.94,2020-03-16
5.04,2020-03-17
5.11,2020-03-18
5.14,2020-03-19
5.02,2020-03-20
5.08,2020-03-23
5.07,2020-03-24
5.07,2020-03-25
5.00,2020-03-26
5.11,2020-03-27
5.15,2020-03-30
5.19,2020-03-31
5.24,2020-04-01
5.26,2020-04-02
5.29,2020-04-03
5.24,2020-04-06
5.22,2020-04-07
5.21,2020-04-08
5.07,2020-04-09
5.18,2020-04-13
5.18,2020-04-14
5.25,2020-04-15
5.23,2020-04-16
5.25,2020-04-17
5.28,2020-04-20
5.38,2020-04-22
5.44,2020-04-23
5.65,2020-04-24
5.63,2020-04-27
5.56,2020-04-28
5.42,2020-04-29
5.42,2020-04-30
5.58,2020-05-04
5.53,2020-05-05
5.66,2020-05-06
5.83,2020-05-07
5.76,2020-05-08
5.79,2020-05-11
5.77,2020-05-12
5.90,2020-05-13
5.93,2020-05-14
5.82,2020-05-15
5.73,2020-05-18
5.72,2020-05-19
5.69,2020-05-20
5.60,2020-05-21
5.58,2020-05-22
5.47,2020-05-25
5.37,2020-05-26
5.29,2020-05-27
5.34,2020-05-28
5.42,2020-05-29
5.36,2020-06-01
5.26,2020-06-02
5.05,2020-06-03
5.10,2020-06-04
4.97,2020-06-05
4.93,2020-06-08
4.90,2020-06-09
4.88,2020-06-10
5.03,2020-06-12
5.18,2020-06-15
5.12,2020-06-16
5.24,2020-06-17
5.34,2020-06-18
5.34,2020-06-19
5.22,2020-06-22
5.17,2020-06-23
5.24,2020-06-24
5.32,2020-06-25
5.46,2020-06-26
5.44,2020-06-29
5.47,2020-06-30
5.36,2020-07-01
5.30,2020-07-02
5.33,2020-07-03
5.30,2020-07-06
5.33,2020-07-07
5.34,2020-07-08
5.29,2020-07-09
5.34,2020-07-10
5.34,2020-07-13
5.42,2020-07-14
5.34,2020-07-15
5.35,2020-07-16
5.35,2020-07-17
5.36,2020-07-20
5.22,2020-07-21
5.11,2020-07-22
5.16,2020-07-23
5.21,2020-07-24
5.18,2020-07-27
5.17,2020-07-28
5.13,2020-07-29
5.18,2020-07-30
5.20,2020-07-31
5.30,2020-08-03
5.33,2020-08-04
5.27,2020-08-05
5.34,2020-08-06
5.42,2020-08-07
5.39,2020-08-10
5.42,2020-08-11
5.45,2020-08-12
5.38,2020-08-13
5.38,2020-08-14
5.44,2020-08-17
5.46,2020-08-18
5.49,2020-08-19
5.65,2020-08-20
5.60,2020-08-21
5.59,2020-08-24
5.59,2020-08-25
5.56,2020-08-26
5.59,2020-08-27
5.46,2020-08-28
5.47,2020-08-31
5.37,2020-09-01
5.37,2020-09-02
5.30,2020-09-03
5.28,2020-09-04
5.36,2020-09-08
5.30,2020-09-09
5.29,2020-09-10
5.28,2020-09-11
5.29,2020-09-14
5.27,2020-09-15
5.25,2020-09-16
5.25,2020-09-17
5.28,2020-09-18
5.44,2020-09-21
5.43,2020-09-22
5.53,2020-09-23
5.57,2020-09-24
5.56,2020-09-25
5.58,2020-09-28
5.65,2020-09-29
5.64,2020-09-30
5.64,2020-10-01
5.64,2020-10-02
5.62,2020-10-05
5.52,2020-10-06
5.60,2020-10-07
5.62,2020-10-08
5.53,2020-10-09
5.58,2020-10-13
5.56,2020-10-14
5.61,2020-10-15
5.62,2020-10-16
5.60,2020-10-19
5.58,2020-10-20
5.60,2020-10-21
5.58,2020-10-22
5.61,2020-10-23
5.63,2020-10-26
5.64,2020-10-27
5.73,2020-10-28
5.78,2020-10-29
5.77,2020-10-30
5.68,2020-11-03
5.69,2020-11-04
5.56,2020-11-05
5.53,2020-11-06
5.28,2020-11-09
5.36,2020-11-10
5.40,2020-11-11
5.40,2020-11-12
5.48,2020-11-13
5.41,2020-11-16
5.39,2020-11-17
5.29,2020-11-18
5.33,2020-11-19
5.35,2020-11-20
5.38,2020-11-23
5.40,2020-11-24
5.35,2020-11-25
5.32,2020-11-26
5.34,2020-11-27
5.33,2020-11-30
5.27,2020-12-01
5.22,2020-12-02
5.16,2020-12-03
5.17,2020-12-04
5.10,2020-12-07
5.09,2020-12-08
5.11,2020-12-09
5.08,2020-12-10
5.06,2020-12-11
5.05,2020-12-14
5.09,2020-12-15
5.10,2020-12-16
5.06,2020-12-17
5.09,2020-12-18
5.15,2020-12-21
5.14,2020-12-22
5.17,2020-12-23
5.18,2020-12-24
5.23,2020-12-28
5.19,2020-12-29
5.19,2020-12-30
5.19,2020-12-31
5.16,2021-01-04
5.32,2021-01-05
5.31,2021-01-06
5.34,2021-01-07
5.36,2021-01-08
5.49,2021-01-11
5.46,2021-01-12
5.30,2021-01-13
5.26,2021-01-14
5.27,2021-01-15
5.27,2021-01-18
5.29,2021-01-19
5.30,2021-01-20
5.31,2021-01-21
5.43,2021-01-22
5.50,2021-01-25
5.38,2021-01-26
5.38,2021-01-27
5.42,2021-01-28
5.47,2021-01-29
5.46,2021-02-01
5.38,2021-02-02
5.34,2021-02-03
5.39,2021-02-04
5.38,2021-02-05
5.36,2021-02-08
5.42,2021-02-09
5.40,2021-02-10
5.36,2021-02-11
5.38,2021-02-12
5.41,2021-02-17
5.42,2021-02-18
5.39,2021-02-19
5.50,2021-02-22
5.44,2021-02-23
5.41,2021-02-24
5.46,2021-02-25
5.53,2021-02-26
5.58,2021-03-01
5.68,2021-03-02
5.73,2021-03-03
5.60,2021-03-04
5.68,2021-03-05
5.73,2021-03-08
5.83,2021-03-09
5.74,2021-03-10
5.58,2021-03-11
5.56,2021-03-12
5.62,2021-03-15
5.58,2021-03-16
5.65,2021-03-17
5.54,2021-03-18
5.50,2021-03-19
5.52,2021-03-22
5.49,2021-03-23
5.53,2021-03-24
5.65,2021-03-25
5.70,2021-03-26
5.79,2021-03-29
5.76,2021-03-30
5.69,2021-03-31
5.68,2021-04-01
5.65,2021-04-05
5.62,2021-04-06
5.58,2021-04-07
5.58,2021-04-08
5.64,2021-04-09
5.65,2021-04-12
5.70,2021-04-13
5.69,2021-04-14
5.62,2021-04-15
5.63,2021-04-16
5.57,2021-04-19
5.52,2021-04-20
5.49,2021-04-22
5.47,2021-04-23
5.45,2021-04-26
5.44,2021-04-27
5.40,2021-04-28
5.36,2021-04-29
5.40,2021-04-30
5.40,2021-05-03
5.45,2021-05-04
5.38,2021-05-05
5.28,2021-05-06
5.22,2021-05-07
5.22,2021-05-10
5.24,2021-05-11
5.23,2021-05-12
5.28,2021-05-13
5.27,2021-05-14
5.27,2021-05-17
5.25,2021-05-18
5.28,2021-05-19
5.29,2021-05-20
5.30,2021-05-21
5.31,2021-05-24
5.31,2021-05-25
5.31,2021-05-26
5.28,2021-05-27
5.22,2021-05-28
5.23,2021-05-31
5.16,2021-06-01
5.11,2021-06-02
5.06,2021-06-04
5.04,2021-06-07
5.04,2021-06-08
5.05,2021-06-09
5.06,2021-06-10
5.11,2021-06-11
5.07,2021-06-14
5.08,2021-06-15
5.02,2021-06-16
5.03,2021-06-17
5.03,2021-06-18
5.03,2021-06-21
5.01,2021-06-22
4.95,2021-06-23
4.92,2021-06-24
4.92,2021-06-25
4.94,2021-06-28
4.94,2021-06-29
5.00,2021-06-30
5.00,2021-07-01
5.02,2021-07-02
5.07,2021-07-05
5.16,2021-07-06
5.23,2021-07-07
5.25,2021-07-08
5.23,2021-07-09
5.22,2021-07-12
5.17,2021-07-13
5.08,2021-07-14
5.10,2021-07-15
5.09,2021-07-16
5.19,2021-07-19
5.24,2021-07-20
5.25,2021-07-21
5.19,2021-07-22
5.17,2021-07-23
5.18,2021-07-26
5.16,2021-07-27
5.15,2021-07-28
5.06,2021-07-29
5.12,2021-07-30
5.13,2021-08-02
5.24,2021-08-03
5.20,2021-08-04
5.14,2021-08-05
5.24,2021-08-06
5.27,2021-08-09
5.22,2021-08-10
5.20,2021-08-11
5.23,2021-08-12
5.24,2021-08-13
5.24,2021-08-16
5.25,2021-08-17
5.30,2021-08-18
5.41,2021-08-19
5.42,2021-08-20
5.36,2021-08-23
5.30,2021-08-24
5.24,2021-08-25
5.24,2021-08-26
5.22,2021-08-27
5.19,2021-08-30
5.14,2021-08-31
5.15,2021-09-01
5.17,2021-09-02
5.16,2021-09-03
5.17,2021-09-06
5.25,2021-09-08
5.28,2021-09-09
5.21,2021-09-10
5.21,2021-09-13
5.22,2021-09-14
5.25,2021-09-15
5.25,2021-09-16
5.31,2021-09-17
5.33,2021-09-20
5.30,2021-09-21
5.27,2021-09-22
5.28,2021-09-23
5.34,2021-09-24
5.34,2021-09-27
5.42,2021-09-28
5.41,2021-09-29
5.43,2021-09-30
5.39,2021-10-01
5.42,2021-10-04
5.46,2021-10-05
5.50,2021-10-06
5.51,2021-10-07
5.50,2021-10-08
5.51,2021-10-11
5.54,2021-10-13
5.49,2021-10-14
5.45,2021-10-15
5.51,2021-10-18
5.55,2021-10-19
5.55,2021-10-20
5.64,2021-10-21
5.71,2021-10-22
5.59,2021-10-25
5.58,2021-10-26
5.56,2021-10-27
5.61,2021-10-28
5.64,2021-10-29
5.66,2021-11-01
5.66,2021-11-03
5.59,2021-11-04
5.54,2021-11-05
5.56,2021-11-08
5.49,2021-11-09
5.45,2021-11-10
5.41,2021-11-11
5.41,2021-11-12
5.47,2021-11-16
5.49,2021-11-17
5.54,2021-11-18
5.55,2021-11-19
5.58,2021-11-22
5.64,2021-11-23
5.60,2021-11-24
5.57,2021-11-25
5.58,2021-11-26
5.61,2021-11-29
5.61,2021-11-30
5.61,2021-12-01
5.63,2021-12-02
5.64,2021-12-03
5.68,2021-12-06
5.64,2021-12-07
5.57,2021-12-08
5.55,2021-12-09
5.59,2021-12-10
5.63,2021-12-13
5.64,2021-12-14
5.71,2021-12-15
5.69,2021-12-16
5.69,2021-12-17
5.70,2021-12-20
5.73,2021-12-21
5.72,2021-12-22
5.69,2021-12-23
5.65,2021-12-24
5.66,2021-12-27
5.64,2021-12-28
5.66,2021-12-29
5.58,2021-12-30
5.58,2021-12-31
5.63,2022-01-03
5.67,2022-01-04
5.66,2022-01-05
5.70,2022-01-06
5.67,2022-01-07
5.67,2022-01-10
5.63,2022-01-11
5.56,2022-01-12
5.52,2022-01-13
5.53,2022-01-14
5.50,2022-01-17
5.52,2022-01-18
5.49,2022-01-19
5.41,2022-01-20
5.44,2022-01-21
5.49,2022-01-24
5.49,2022-01-25
5.43,2022-01-26
5.38,2022-01-27
5.39,2022-01-28
5.35,2022-01-31
5.28,2022-02-01
5.29,2022-02-02
5.30,2022-02-03
5.32,2022-02-04
5.29,2022-02-07
5.26,2022-02-08
5.27,2022-02-09
5.21,2022-02-10
5.19,2022-02-11
5.21,2022-02-14
5.18,2022-02-15
5.16,2022-02-16
5.15,2022-02-17
5.13,2022-02-18
5.09,2022-02-21
5.06,2022-02-22
5.01,2022-02-23
5.11,2022-02-24
5.13,2022-02-25
5.13,2022-03-02
5.04,2022-03-03
5.07,2022-03-04
5.05,2022-03-07
5.09,2022-03-08
5.00,2022-03-09
5.05,2022-03-10
5.02,2022-03-11
5.06,2022-03-14
5.13,2022-03-15
5.12,2022-03-16
5.07,2022-03-17
5.04,2022-03-18
4.96,2022-03-21
4.92,2022-03-22
4.87,2022-03-23
4.80,2022-03-24
4.77,2022-03-25
4.79,2022-03-28
4.74,2022-03-29
4.74,2022-03-30
4.73,2022-03-31
4.69,2022-04-01
4.61,2022-04-04
4.64,2022-04-05
4.69,2022-04-06
4.74,2022-04-07
4.75,2022-04-08
4.70,2022-04-11
4.64,2022-04-12
4.68,2022-04-13
4.71,2022-04-14
4.67,2022-04-18
4.66,2022-04-19
4.63,2022-04-20
4.73,2022-04-22
4.88,2022-04-25
4.96,2022-04-26
5.01,2022-04-27
5.01,2022-04-28
4.91,2022-04-29
5.02,2022-05-02
5.01,2022-05-03
5.00,2022-05-04
5.00,2022-05-05
5.07,2022-05-06
5.13,2022-05-09
5.13,2022-05-10
5.12,2022-05-11
5.14,2022-05-12
5.10,2022-05-13
5.06,2022-05-16
4.96,2022-05-17
4.95,2022-05-18
4.91,2022-05-19
4.87,2022-05-20
4.79,2022-05-23
4.81,2022-05-24
4.83,2022-05-25
4.79,2022-05-26
4.74,2022-05-27
4.72,2022-05-30
4.72,2022-05-31
4.77,2022-06-01
4.78,2022-06-02
4.79,2022-06-03
4.78,2022-06-06
4.89,2022-06-07
4.87,2022-06-08
4.89,2022-06-09
4.98,2022-06-10
5.10,2022-06-13
5.12,2022-06-14
5.11,2022-06-15
5.13,2022-06-17
5.16,2022-06-20
5.14,2022-06-21
5.15,2022-06-22
5.18,2022-06-23
5.23,2022-06-24
5.22,2022-06-27
5.21,2022-06-28
5.22,2022-06-29
5.23,2022-06-30
5.31,2022-07-01
5.30,2022-07-04
5.38,2022-07-05
5.43,2022-07-06
5.36,2022-07-07
5.30,2022-07-08
5.34,2022-07-11
5.41,2022-07-12
5.39,2022-07-13
5.45,2022-07-14
5.40,2022-07-15
5.36,2022-07-18
5.39,2022-07-19
5.42,2022-07-20
5.47,2022-07-21
5.45,2022-07-22
5.41,2022-07-25
5.36,2022-07-26
5.30,2022-07-27
5.21,2022-07-28
5.18,2022-07-29
5.16,2022-08-01
5.23,2022-08-02
5.28,2022-08-03
5.24,2022-08-04
5.21,2022-08-05
5.12,2022-08-08
5.12,2022-08-09
5.04,2022-08-10
5.11,2022-08-11
5.10,2022-08-12
5.09,2022-08-15
5.13,2022-08-16
5.17,2022-08-17
5.17,2022-08-18
5.19,2022-08-19
5.17,2022-08-22
5.10,2022-08-23
5.10,2022-08-24
5.11,2022-08-25
5.09,2022-08-26
5.04,2022-08-29
5.06,2022-08-30
5.17,2022-08-31
5.20,2022-09-01
5.18,2022-09-02
5.16,2022-09-05
5.22,2022-09-06
5.21,2022-09-08
5.16,2022-09-09
5.11,2022-09-12
5.17,2022-09-13
5.17,2022-09-14
5.22,2022-09-15
5.28,2022-09-16
5.23,2022-09-19
5.17,2022-09-20
5.16,2022-09-21
5.16,2022-09-22
5.22,2022-09-23
5.35,2022-09-26
5.35,2022-09-27
5.35,2022-09-28
5.39,2022-09-29
5.40,2022-09-30
5.20,2022-10-03
5.14,2022-10-04
5.21,2022-10-05
5.20,2022-10-06
5.22,2022-10-07
5.19,2022-10-10
5.20,2022-10-11
5.30,2022-10-13
5.28,2022-10-14
5.27,2022-10-17
5.26,2022-10-18
5.28,2022-10-19
5.21,2022-10-20
5.19,2022-10-21
5.27,2022-10-24
5.30,2022-10-25
5.32,2022-10-26
5.30,2022-10-27
5.34,2022-10-28
5.25,2022-10-31
5.15,2022-11-01
5.13,2022-11-03
5.03,2022-11-04
5.08,2022-11-07
5.17,2022-11-08
5.16,2022-11-09
5.30,2022-11-10
5.30,2022-11-11
5.30,2022-11-14
5.32,2022-11-16
5.46,2022-11-17
5.34,2022-11-18
5.32,2022-11-21
5.33,2022-11-22
5.39,2022-11-23
5.31,2022-11-24
5.35,2022-11-25
5.37,2022-11-28
5.30,2022-11-29
5.29,2022-11-30
5.19,2022-12-01
5.19,2022-12-02
5.24,2022-12-05
5.23,2022-12-06
5.22,2022-12-07
5.20,2022-12-08
5.23,2022-12-09
5.30,2022-12-12
5.26,2022-12-13
5.34,2022-12-14
5.31,2022-12-15
5.28,2022-12-16
5.31,2022-12-19
5.24,2022-12-20
5.20,2022-12-21
5.18,2022-12-22
5.14,2022-12-23
5.18,2022-12-26
5.28,2022-12-27
5.27,2022-12-28
5.21,2022-12-29
5.21,2022-12-30
5.34,2023-01-02
5.37,2023-01-03
5.44,2023-01-04
5.40,2023-01-05
5.28,2023-01-06
5.29,2023-01-09
5.23,2023-01-10
5.20,2023-01-11
5.14,2023-01-12
5.11,2023-01-13
5.11,2023-01-16
5.12,2023-01-17
5.09,2023-01-18
5.21,2023-01-19
5.19,2023-01-20
5.19,2023-01-23
5.16,2023-01-24
5.10,2023-01-25
5.09,2023-01-26
5.07,2023-01-27
5.09,2023-01-30
5.09,2023-01-31
5.07,2023-02-01
4.99,2023-02-02
5.10,2023-02-03
5.17,2023-02-06
5.16,2023-02-07
5.20,2023-02-08
5.23,2023-02-09
5.25,2023-02-10
5.18,2023-02-13
5.15,2023-02-14
5.22,2023-02-15
5.24,2023-02-16
5.20,2023-02-17
5.17,2023-02-22
5.13,2023-02-23
5.17,2023-02-24
5.19,2023-02-27
5.20,2023-02-28
5.20,2023-03-01
5.20,2023-03-02
5.20,2023-03-03
5.19,2023-03-06
5.19,2023-03-07
5.13,2023-03-08
5.13,2023-03-09
5.18,2023-03-10
5.24,2023-03-13
5.23,2023-03-14
5.29,2023-03-15
5.28,2023-03-16
5.26,2023-03-17
5.24,2023-03-20
5.24,2023-03-21
5.26,2023-03-22
5.26,2023-03-23
5.29,2023-03-24
5.23,2023-03-27
5.17,2023-03-28
5.14,2023-03-29
5.12,2023-03-30
5.08,2023-03-31
5.06,2023-04-03
5.07,2023-04-04
5.04,2023-04-05
5.06,2023-04-06
5.08,2023-04-10
5.01,2023-04-11
4.94,2023-04-12
4.90,2023-04-13
4.94,2023-04-14
4.94,2023-04-17
4.96,2023-04-18
5.04,2023-04-19
5.04,2023-04-20
5.05,2023-04-24
5.06,2023-04-25
5.05,2023-04-26
5.01,2023-04-27
5.00,2023-04-28
5.03,2023-05-02
5.02,2023-05-03
5.01,2023-05-04
4.96,2023-05-05
4.96,2023-05-08
5.00,2023-05-09
4.95,2023-05-10
4.96,2023-05-11
4.92,2023-05-12
4.91,2023-05-15
4.91,2023-05-16
4.95,2023-05-17
4.96,2023-05-18
4.98,2023-05-19
4.96,2023-05-22
4.96,2023-05-23
4.94,2023-05-24
4.99,2023-05-25
5.01,2023-05-26
4.99,2023-05-29
5.05,2023-05-30
5.09,2023-05-31
5.03,2023-06-01
4.95,2023-06-02
4.92,2023-06-05
4.92,2023-06-06
4.91,2023-06-07
4.89,2023-06-09
4.88,2023-06-12
4.85,2023-06-13
4.84,2023-06-14
4.82,2023-06-15
4.82,2023-06-16
4.78,2023-06-19
4.79,2023-06-20
4.77,2023-06-21
4.77,2023-06-22
4.77,2023-06-23
4.76,2023-06-26
4.79,2023-06-27
4.85,2023-06-28
4.85,2023-06-29
4.81,2023-06-30
4.78,2023-07-03
4.80,2023-07-04
4.85,2023-07-05
4.89,2023-07-06
4.87,2023-07-07
4.87,2023-07-10
4.89,2023-07-11
4.80,2023-07-12
4.80,2023-07-13
4.79,2023-07-14
4.83,2023-07-17
4.80,2023-07-18
4.80,2023-07-19
4.78,2023-07-20
4.77,2023-07-21
4.74,2023-07-24
4.74,2023-07-25
4.73,2023-07-26
4.72,2023-07-27
4.72,2023-07-28
4.74,2023-07-31
4.77,2023-08-01
4.80,2023-08-02
4.87,2023-08-03
4.86,2023-08-04
4.90,2023-08-07
4.92,2023-08-08
4.90,2023-08-09
4.85,2023-08-10
4.89,2023-08-11
4.94,2023-08-14
4.98,2023-08-15
4.97,2023-08-16
4.98,2023-08-17
4.97,2023-08-18
4.98,2023-08-21
4.94,2023-08-22
4.89,2023-08-23
4.87,2023-08-24
4.87,2023-08-25
4.89,2023-08-28
4.87,2023-08-29
4.86,2023-08-30
4.92,2023-08-31
4.93,2023-09-01
4.91,2023-09-04
4.97,2023-09-05
4.97,2023-09-06
4.98,2023-09-08
4.93,2023-09-11
4.95,2023-09-12
4.91,2023-09-13
4.87,2023-09-14
4.86,2023-09-15
4.85,2023-09-18
4.85,2023-09-19
4.84,2023-09-20
4.92,2023-09-21
4.91,2023-09-22
4.96,2023-09-25
4.97,2023-09-26
5.02,2023-09-27
5.04,2023-09-28
5.00,2023-09-29
5.06,2023-10-02
5.11,2023-10-03
5.15,2023-10-04
5.17,2023-10-05
5.19,2023-10-06
5.16,2023-10-09
5.08,2023-10-10
5.04,2023-10-11
5.06,2023-10-13
5.06,2023-10-16
5.03,2023-10-17
5.05,2023-10-18
5.05,2023-10-19
5.05,2023-10-20
5.01,2023-10-23
5.00,2023-10-24
4.99,2023-10-25
5.00,2023-10-26
4.94,2023-10-27
5.00,2023-10-30
5.05,2023-10-31
5.01,2023-11-01
4.89,2023-11-03
4.89,2023-11-06
4.86,2023-11-07
4.88,2023-11-08
4.90,2023-11-09
4.92,2023-11-10
4.92,2023-11-13
4.86,2023-11-14
4.85,2023-11-16
4.88,2023-11-17
4.87,2023-11-20
4.88,2023-11-21
4.89,2023-11-22
4.89,2023-11-23
4.89,2023-11-24
4.89,2023-11-27
4.88,2023-11-28
4.89,2023-11-29
4.93,2023-11-30
4.91,2023-12-01
4.90,2023-12-04
4.95,2023-12-05
4.90,2023-12-06
4.89,2023-12-07
4.91,2023-12-08
4.94,2023-12-11
4.94,2023-12-12
4.95,2023-12-13
4.89,2023-12-14
4.93,2023-12-15
4.93,2023-12-18
4.86,2023-12-19
4.87,2023-12-20
4.87,2023-12-21
4.86,2023-12-22
4.83,2023-12-26
4.83,2023-12-27
4.84,2023-12-28
4.84,2023-12-29
